duration,protocol,src_bytes,dst_bytes,packets,bytes_per_packet,syn_count,ack_count,failed_logins,unique_dst_ports,dst_port,flow_rate,threat
39.558,TCP,1733.91,2214.89,98,40.29,5,104,36,3,3389,2.48,BRUTE_FORCE
101.52,TCP,200454.44,9860.31,7368,28.54,1,1576,1,1,22,72.58,DATA_EXFILTRATION
3.36,TCP,700.95,146.39,212,4.0,86,0,1,37,34173,63.1,PORT_SCAN
2.808,TCP,22305.38,1689.27,4787,5.01,2179,221,3,4,53,1704.74,DOS
0.588,TCP,625.94,51.85,194,3.49,58,7,0,77,35971,330.16,PORT_SCAN
4.448,TCP,96.43,381.96,162,2.95,76,9,1,51,33688,36.42,PORT_SCAN
3.304,TCP,9374.57,410.09,4817,2.03,2299,199,2,1,443,1458.14,DOS
14.75,TCP,1205.41,6912.25,38,213.62,2,35,1,3,22,2.58,BENIGN
2.93,TCP,3012.72,1839.46,23,210.96,3,19,0,4,53,7.85,BENIGN
4.208,TCP,3138.73,2975.5,13,470.33,2,14,1,3,123,3.09,BENIGN
177.874,TCP,981796.18,3704.09,9298,105.99,4,3015,0,1,8443,52.27,DATA_EXFILTRATION
13.595,TCP,4210.26,1320.64,344,16.08,6,84,25,1,3389,25.3,BRUTE_FORCE
58.705,TCP,1702.85,743.66,151,16.2,2,64,42,1,3389,2.57,BRUTE_FORCE
2.282,TCP,691.58,423.74,209,5.34,178,4,0,34,52396,91.59,PORT_SCAN
115.786,TCP,575716.99,8956.54,7614,76.79,4,4195,2,1,443,65.76,DATA_EXFILTRATION
21.546,TCP,490733.91,1350.43,5020,98.02,3,578,0,1,22,232.99,DATA_EXFILTRATION
52.708,TCP,549617.84,5454.13,6236,89.01,1,1759,2,2,443,118.31,DATA_EXFILTRATION
2.48,TCP,44098.23,1872.25,3335,13.78,1692,68,2,5,53,1344.76,DOS
97.151,TCP,320795.53,8906.7,4769,69.13,1,3326,0,1,22,49.09,DATA_EXFILTRATION
84.115,TCP,246093.96,1031.2,2730,90.52,6,1806,2,2,22,32.46,DATA_EXFILTRATION
4.537,TCP,4276.67,9075.83,14,953.75,3,41,1,1,123,3.09,BENIGN
2.384,TCP,21217.18,1514.83,4823,4.71,688,211,4,6,53,2023.45,DOS
116.956,TCP,241610.08,1969.88,6376,38.2,8,4427,0,1,8443,54.52,DATA_EXFILTRATION
3.506,TCP,17316.52,871.84,2520,7.22,988,297,0,6,80,718.8,DOS
1.119,TCP,542.97,408.77,198,4.81,34,2,1,36,48959,176.91,PORT_SCAN
45.123,TCP,3803.88,2616.03,132,48.64,11,192,59,2,3389,2.93,BRUTE_FORCE
28.425,TCP,1953.72,9272.2,16,701.62,2,25,0,3,80,0.56,BENIGN
62.964,TCP,3337.91,2825.63,216,28.53,14,92,43,2,3389,3.43,BRUTE_FORCE
161.439,TCP,844000.5,5693.5,2490,341.24,0,3809,1,1,443,15.42,DATA_EXFILTRATION
146.912,TCP,239961.34,5790.24,5624,43.7,8,4398,0,1,443,38.28,DATA_EXFILTRATION
25.662,TCP,4100.9,1086.75,176,29.48,3,47,17,2,23,6.86,BRUTE_FORCE
2.428,TCP,24030.77,2190.51,2838,9.24,662,297,3,3,443,1168.74,DOS
21.468,TCP,4146.31,2144.13,155,40.58,8,38,27,2,23,7.22,BRUTE_FORCE
26.882,TCP,3773.13,11902.51,48,326.58,2,45,1,1,80,1.79,BENIGN
3.544,TCP,47832.46,2196.47,2250,22.24,2373,13,4,1,80,634.92,DOS
83.644,TCP,821642.53,9404.46,7438,111.73,9,4445,1,2,443,88.92,DATA_EXFILTRATION
2.685,TCP,406.51,485.57,127,7.02,47,9,0,75,19265,47.3,PORT_SCAN
0.693,TCP,21388.76,4258.48,4289,5.98,652,92,4,7,80,6190.27,DOS
1.573,TCP,1700.08,2453.94,20,207.7,3,56,1,4,80,12.71,BENIGN
1.581,TCP,21356.05,833.7,4666,4.76,1830,228,3,3,443,2951.99,DOS
3.161,TCP,560.63,310.97,201,4.34,36,1,0,69,34563,63.58,PORT_SCAN
1.012,TCP,38190.48,4408.21,4871,8.75,2462,235,4,7,443,4812.79,DOS
164.888,TCP,607122.55,1144.56,8807,69.07,2,1384,2,2,8443,53.41,DATA_EXFILTRATION
17.865,TCP,693.31,2191.97,277,10.42,11,122,51,2,21,15.5,BRUTE_FORCE
3.759,TCP,540.75,309.89,101,8.42,83,7,0,62,6551,26.87,PORT_SCAN
4.445,TCP,828.3,256.56,98,11.07,143,1,0,23,32391,22.05,PORT_SCAN
55.882,TCP,3106.19,585.14,378,9.77,14,59,21,2,23,6.76,BRUTE_FORCE
0.393,TCP,47730.77,2368.93,3593,13.94,1927,184,0,4,80,9150.74,DOS
71.261,TCP,666018.66,9172.67,6968,96.9,3,1406,2,2,22,97.78,DATA_EXFILTRATION
88.322,TCP,737021.26,6820.75,7933,93.77,2,3098,0,1,8443,89.82,DATA_EXFILTRATION
3.961,TCP,15918.14,1443.77,4442,3.91,2459,29,0,4,443,1121.41,DOS
82.449,TCP,1753.77,1978.91,84,44.44,1,188,33,1,23,1.02,BRUTE_FORCE
44.707,TCP,211510.31,9299.69,6055,36.47,0,4336,1,2,22,135.44,DATA_EXFILTRATION
25.464,TCP,4523.0,11756.89,35,465.14,3,35,1,3,22,1.37,BENIGN
78.861,TCP,2040.21,2011.11,99,40.92,6,82,16,2,23,1.26,BRUTE_FORCE
3.592,TCP,475.02,186.11,66,10.02,94,1,0,42,52203,18.37,PORT_SCAN
65.35,TCP,3016.59,102.88,63,49.52,1,48,59,2,3389,0.96,BRUTE_FORCE
1.93,TCP,946.94,262.47,246,4.92,57,14,0,29,22171,127.49,PORT_SCAN
2.793,TCP,15829.41,3886.7,1118,17.64,930,104,3,5,53,400.31,DOS
1.358,TCP,971.28,396.67,139,9.84,174,8,2,25,9313,102.36,PORT_SCAN
3.053,TCP,30395.9,2592.93,2026,16.28,2208,263,3,6,53,663.59,DOS
5.305,TCP,2590.93,4908.01,91,82.41,1,8,0,4,53,17.15,BENIGN
12.116,TCP,3675.46,6680.62,95,109.01,3,22,1,3,443,7.84,BENIGN
1.514,TCP,279.25,59.57,159,2.13,99,12,2,50,41297,105.03,PORT_SCAN
35.445,TCP,2057.97,1796.93,438,8.8,9,42,24,3,22,12.36,BRUTE_FORCE
63.735,TCP,155646.06,4079.3,1692,94.4,8,4424,2,2,22,26.55,DATA_EXFILTRATION
0.236,TCP,36989.95,1505.78,4662,8.26,1989,131,3,7,80,19742.24,DOS
0.689,TCP,117.74,495.12,49,12.51,31,0,0,49,54214,71.16,PORT_SCAN
134.45,TCP,901322.2,6156.23,7247,125.22,9,1963,0,2,8443,53.9,DATA_EXFILTRATION
29.421,TCP,2346.95,9430.56,29,406.12,2,52,1,2,53,0.99,BENIGN
55.225,TCP,693.39,330.02,121,8.46,10,73,11,1,22,2.19,BRUTE_FORCE
46.104,TCP,3346.01,562.53,393,9.95,10,166,22,3,22,8.52,BRUTE_FORCE
65.24,TCP,546765.22,7613.14,5150,107.65,1,3486,2,2,443,78.94,DATA_EXFILTRATION
2.453,TCP,35672.49,699.8,1244,29.24,2057,35,4,1,53,507.08,DOS
2.525,TCP,4733.05,4770.57,14,678.83,3,55,1,4,53,5.55,BENIGN
25.531,TCP,347617.68,7643.12,1187,299.29,5,3360,2,2,8443,46.49,DATA_EXFILTRATION
3.96,TCP,413.64,490.39,135,6.7,161,11,0,31,50474,34.09,PORT_SCAN
3.933,TCP,35872.14,610.3,2307,15.81,675,154,4,2,53,586.59,DOS
89.785,TCP,2076.34,135.42,141,15.69,2,90,36,1,22,1.57,BRUTE_FORCE
1.162,TCP,707.29,349.69,186,5.68,106,8,2,44,25258,160.14,PORT_SCAN
1.106,TCP,32560.05,443.78,3953,8.35,1076,213,4,2,80,3574.26,DOS
22.059,TCP,2359.39,7953.42,67,153.92,2,5,0,3,123,3.04,BENIGN
27.708,TCP,911.11,3488.17,59,74.56,0,27,0,3,53,2.13,BENIGN
2.185,TCP,29857.32,3601.31,2522,13.27,896,141,3,3,53,1154.1,DOS
4.264,TCP,998.89,127.49,189,5.96,65,5,0,59,17228,44.33,PORT_SCAN
130.39,TCP,421144.91,1139.29,860,491.03,4,4976,0,2,443,6.6,DATA_EXFILTRATION
11.836,TCP,562.89,8986.8,41,232.92,1,1,1,4,80,3.46,BENIGN
1.392,TCP,6905.28,4356.85,3689,3.05,1789,254,1,3,80,2650.62,DOS
145.822,TCP,233598.75,2204.02,2458,95.93,7,1102,0,1,8443,16.86,DATA_EXFILTRATION
58.345,TCP,4310.93,1278.86,91,61.43,12,179,34,2,21,1.56,BRUTE_FORCE
12.43,TCP,2141.39,119.76,32,70.66,0,25,1,1,53,2.57,BENIGN
10.103,TCP,3739.19,274.73,46,87.26,3,42,1,2,80,4.55,BENIGN
0.935,TCP,115.68,369.38,238,2.04,66,0,2,15,4352,254.66,PORT_SCAN
34.829,TCP,4850.44,1373.72,276,22.55,7,162,36,2,22,7.92,BRUTE_FORCE
65.524,TCP,3413.35,491.65,217,18.0,7,20,54,2,21,3.31,BRUTE_FORCE
26.137,TCP,659.11,8815.72,81,116.97,1,39,1,4,22,3.1,BENIGN
0.161,TCP,534.25,263.45,30,26.59,89,7,1,68,16373,186.63,PORT_SCAN
2.176,TCP,933.6,261.16,247,4.84,175,14,0,72,33065,113.52,PORT_SCAN
4.473,TCP,268.45,101.79,152,2.44,122,12,2,19,16204,33.98,PORT_SCAN
2.902,TCP,195.9,375.09,185,3.09,32,10,2,26,55637,63.75,PORT_SCAN
51.514,TCP,3440.28,1142.08,296,15.48,7,130,17,2,3389,5.75,BRUTE_FORCE
173.267,TCP,625953.2,6951.58,1095,578.0,5,3907,2,2,22,6.32,DATA_EXFILTRATION
1.304,TCP,269.21,33.05,104,2.91,173,6,2,22,41651,79.76,PORT_SCAN
73.394,TCP,2710.87,2142.93,328,14.8,2,165,47,1,3389,4.47,BRUTE_FORCE
2.585,TCP,32655.38,150.95,4452,7.37,1862,102,3,5,53,1722.58,DOS
4.897,TCP,1890.35,899.28,38,73.41,0,33,0,2,443,7.76,BENIGN
48.959,TCP,4848.34,2293.25,480,14.88,7,175,32,1,21,9.8,BRUTE_FORCE
71.908,TCP,2267.2,195.32,286,8.61,2,181,10,1,22,3.98,BRUTE_FORCE
16.798,TCP,4262.52,2805.64,238,29.7,4,84,35,3,3389,14.17,BRUTE_FORCE
154.38,TCP,170690.47,2019.31,1819,94.95,3,2239,2,2,443,11.78,DATA_EXFILTRATION
117.378,TCP,665373.63,6412.28,5010,134.09,3,4880,0,2,443,42.68,DATA_EXFILTRATION
3.859,TCP,18781.68,215.29,2987,6.36,839,254,0,5,443,774.02,DOS
9.585,TCP,1919.14,4917.77,15,455.79,3,2,1,1,80,1.56,BENIGN
2.095,TCP,43130.78,234.98,3648,11.89,2353,89,0,1,53,1741.23,DOS
21.468,TCP,1578.65,10845.57,41,303.03,0,19,1,4,123,1.91,BENIGN
160.809,TCP,837048.56,7282.47,7467,113.08,1,3613,0,2,8443,46.43,DATA_EXFILTRATION
3.151,TCP,29967.14,1604.94,2764,11.42,1864,221,1,5,443,877.29,DOS
12.168,TCP,3233.86,3270.91,10,650.48,0,26,0,1,443,0.82,BENIGN
20.032,TCP,277.2,164.62,19,23.25,0,49,1,4,123,0.95,BENIGN
7.854,TCP,340.68,1927.86,93,24.39,0,9,0,1,443,11.84,BENIGN
23.699,TCP,505.38,5891.23,68,94.07,1,27,1,1,443,2.87,BENIGN
32.253,TCP,740.01,2239.79,50,59.6,3,198,30,3,22,1.55,BRUTE_FORCE
67.454,TCP,3051.99,1540.02,243,18.9,12,130,43,2,22,3.6,BRUTE_FORCE
4.158,TCP,732.43,301.36,133,7.77,71,13,2,27,62715,31.99,PORT_SCAN
2.42,TCP,1249.22,7500.58,27,324.07,3,27,0,4,443,11.16,BENIGN
18.112,TCP,565.74,7432.37,20,399.91,0,8,1,1,443,1.1,BENIGN
117.945,TCP,765797.47,7327.26,975,792.95,0,3645,0,2,443,8.27,DATA_EXFILTRATION
0.438,TCP,9514.82,3840.6,1985,6.73,286,92,0,5,53,4527.41,DOS
1.281,TCP,15057.44,3947.51,3705,5.13,2883,107,2,3,80,2893.05,DOS
73.191,TCP,895178.38,1789.97,8341,107.54,8,4681,0,2,22,113.96,DATA_EXFILTRATION
15.396,TCP,2382.21,165.13,58,43.92,3,56,0,4,123,3.77,BENIGN
34.26,TCP,1194.1,2188.41,116,29.16,9,116,18,1,3389,3.39,BRUTE_FORCE
2.545,TCP,13453.73,4305.88,2219,8.0,254,73,2,5,53,871.87,DOS
2.757,TCP,9981.27,620.47,3882,2.73,2245,88,0,3,53,1408.05,DOS
14.704,TCP,3836.51,2536.17,153,41.65,13,189,13,2,3389,10.41,BRUTE_FORCE
86.961,TCP,3680.78,2987.44,163,40.91,5,148,49,1,23,1.87,BRUTE_FORCE
0.297,TCP,38972.85,2617.43,4003,10.39,316,193,3,4,53,13474.51,DOS
17.211,TCP,3726.59,825.5,437,10.42,13,157,24,2,21,25.39,BRUTE_FORCE
4.484,TCP,226.68,175.17,56,7.18,114,5,2,46,29010,12.49,PORT_SCAN
2.602,TCP,38049.52,3397.83,3108,13.34,1063,111,4,4,53,1194.58,DOS
38.384,TCP,558.47,913.71,83,17.74,5,170,22,2,3389,2.16,BRUTE_FORCE
3.787,TCP,852.28,6452.7,31,235.64,0,31,0,1,53,8.19,BENIGN
25.608,TCP,3297.68,9672.26,57,227.54,2,46,1,1,80,2.23,BENIGN
38.136,TCP,3655.72,2392.88,488,12.39,9,141,15,3,23,12.8,BRUTE_FORCE
49.837,TCP,1211.76,1353.06,81,31.66,3,133,57,2,21,1.63,BRUTE_FORCE
3.758,TCP,3656.01,1105.47,54,88.18,3,43,0,4,123,14.37,BENIGN
25.731,TCP,1805.35,10254.8,90,134.0,1,42,1,2,80,3.5,BENIGN
4.296,TCP,123.86,387.21,75,6.81,69,11,0,44,45147,17.46,PORT_SCAN
4.346,TCP,758.76,445.14,95,12.67,54,8,1,41,51069,21.86,PORT_SCAN
15.983,TCP,995.77,2106.68,265,11.71,10,173,11,2,3389,16.58,BRUTE_FORCE
132.337,TCP,991538.14,7366.87,1832,545.25,3,1352,1,2,443,13.84,DATA_EXFILTRATION
0.681,TCP,255.95,151.79,61,6.68,84,4,1,49,65,89.63,PORT_SCAN
0.972,TCP,632.45,26.78,46,14.33,168,9,0,31,2593,47.34,PORT_SCAN
1.73,TCP,16291.08,1800.1,1783,10.15,1950,208,1,1,443,1030.4,DOS
4.244,TCP,544.07,424.51,37,26.18,91,12,2,31,42650,8.72,PORT_SCAN
17.619,TCP,2539.36,1085.02,109,33.25,3,136,45,1,22,6.19,BRUTE_FORCE
53.684,TCP,3274.88,946.49,268,15.75,1,54,46,3,21,4.99,BRUTE_FORCE
0.901,TCP,47237.48,3229.1,4646,10.86,2708,151,0,5,443,5158.43,DOS
86.951,TCP,1620.14,2157.9,95,39.77,11,117,56,1,3389,1.09,BRUTE_FORCE
2.051,TCP,26901.95,3044.16,4815,6.22,1368,178,4,3,53,2347.8,DOS
0.159,TCP,578.66,265.9,232,3.64,149,3,1,58,26892,1454.63,PORT_SCAN
59.423,TCP,522.43,634.5,309,3.74,9,181,27,1,3389,5.2,BRUTE_FORCE
4.154,TCP,613.78,303.85,95,9.66,74,10,1,69,56629,22.87,PORT_SCAN
61.848,TCP,2675.8,1374.12,157,25.8,2,43,34,2,21,2.54,BRUTE_FORCE
27.113,TCP,297626.41,3753.13,1865,161.6,9,1026,0,1,443,68.79,DATA_EXFILTRATION
3.582,TCP,17456.15,3326.32,1156,17.98,355,294,2,5,80,322.68,DOS
81.104,TCP,2948.44,2669.08,251,22.38,4,44,25,2,22,3.09,BRUTE_FORCE
4.979,TCP,3302.35,5439.88,92,95.02,1,11,1,4,123,18.48,BENIGN
57.589,TCP,109220.82,3724.89,8174,13.82,2,4161,1,2,443,141.94,DATA_EXFILTRATION
3.936,TCP,250.39,460.35,165,4.31,156,3,2,19,14920,41.92,PORT_SCAN
14.476,TCP,1902.73,2708.35,64,72.05,0,39,1,4,53,4.42,BENIGN
1.296,TCP,861.67,36.55,91,9.87,133,11,2,51,491,70.21,PORT_SCAN
2.317,TCP,850.52,175.47,30,34.2,96,2,2,33,31121,12.95,PORT_SCAN
2.281,TCP,2066.2,3954.85,49,122.88,3,6,1,4,123,21.48,BENIGN
2.12,TCP,771.66,130.73,84,10.74,164,14,1,25,49550,39.62,PORT_SCAN
1.128,TCP,49766.15,4600.14,1365,39.83,723,225,1,6,443,1209.99,DOS
4.088,TCP,757.35,237.38,230,4.32,168,3,1,41,37058,56.26,PORT_SCAN
70.697,TCP,666278.14,6178.59,8116,82.86,0,486,0,2,443,114.8,DATA_EXFILTRATION
54.403,TCP,201110.61,2565.57,8396,24.26,9,1915,0,1,443,154.33,DATA_EXFILTRATION
1.256,TCP,775.0,466.4,110,11.29,99,9,1,16,56830,87.55,PORT_SCAN
1.657,TCP,149.04,219.13,213,1.73,39,12,1,57,36499,128.56,PORT_SCAN
4.93,TCP,985.79,454.93,158,9.12,147,14,0,17,21027,32.05,PORT_SCAN
18.196,TCP,1217.04,7687.55,63,141.34,0,36,1,1,443,3.46,BENIGN
51.174,TCP,537372.55,919.38,1513,355.78,4,2418,2,2,443,29.57,DATA_EXFILTRATION
20.384,TCP,2408.37,6826.31,12,769.56,3,34,1,3,443,0.59,BENIGN
28.126,TCP,2391.44,2441.23,37,130.61,1,22,0,4,53,1.32,BENIGN
2.689,TCP,18898.82,170.73,858,22.23,551,295,2,2,80,319.1,DOS
3.803,TCP,26746.81,630.33,2670,10.25,2094,204,4,4,53,702.14,DOS
3.552,TCP,191.72,276.03,63,7.42,127,1,1,36,10157,17.74,PORT_SCAN
2.762,TCP,524.32,329.0,196,4.35,172,4,0,50,45401,70.96,PORT_SCAN
1.364,TCP,708.28,493.91,149,8.07,44,6,0,58,44183,109.26,PORT_SCAN
1.404,TCP,310.43,142.27,90,5.03,41,0,2,48,26348,64.12,PORT_SCAN
3.516,TCP,10490.67,659.89,1530,7.29,970,193,2,7,80,435.17,DOS
46.87,TCP,357213.23,3711.81,1488,242.56,1,3662,1,1,443,31.75,DATA_EXFILTRATION
62.757,TCP,4904.64,2259.64,318,22.53,2,89,32,3,23,5.07,BRUTE_FORCE
0.9,TCP,585.15,196.68,199,3.93,120,4,2,43,9896,221.18,PORT_SCAN
74.598,TCP,575038.29,6860.06,4426,131.47,7,1372,0,2,443,59.33,DATA_EXFILTRATION
0.4,TCP,616.07,77.13,91,7.62,59,9,0,52,47908,227.28,PORT_SCAN
3.556,TCP,113.8,38.6,55,2.77,124,1,1,53,42955,15.47,PORT_SCAN
26.763,TCP,4655.37,1287.99,76,78.2,0,4,0,2,22,2.84,BENIGN
2.799,TCP,31301.2,2644.64,1813,18.72,1707,237,1,5,53,647.8,DOS
48.103,TCP,2789.57,2182.22,239,20.8,4,102,52,1,21,4.97,BRUTE_FORCE
1.116,TCP,181.24,11917.71,59,205.07,2,23,0,3,123,52.86,BENIGN
0.664,TCP,585.67,366.1,87,10.94,29,5,1,26,53470,130.94,PORT_SCAN
2.309,TCP,21932.63,2945.32,4713,5.28,2466,18,4,3,53,2040.93,DOS
1.466,TCP,32733.82,1822.64,4247,8.14,2264,244,4,2,53,2897.57,DOS
1.09,TCP,768.82,495.59,107,11.82,168,0,1,66,34853,98.13,PORT_SCAN
30.932,TCP,1751.66,2790.76,156,29.12,3,47,59,2,22,5.04,BRUTE_FORCE
2.44,TCP,23451.34,1650.65,2312,10.86,2756,37,1,5,80,947.37,DOS
26.363,TCP,1762.68,6417.12,73,112.05,0,20,0,2,53,2.77,BENIGN
1.362,TCP,4000.54,6290.74,45,228.7,1,56,0,4,123,33.05,BENIGN
54.214,TCP,2445.51,2497.47,243,20.34,13,51,56,1,23,4.48,BRUTE_FORCE
4.196,TCP,121.38,375.12,79,6.28,178,12,2,20,37988,18.83,PORT_SCAN
3.57,TCP,216.42,191.69,203,2.01,96,12,0,40,17919,56.86,PORT_SCAN
12.326,TCP,2329.69,1982.71,245,17.6,9,30,16,3,22,19.88,BRUTE_FORCE
79.855,TCP,627746.27,9191.0,1143,557.25,3,1395,1,2,22,14.31,DATA_EXFILTRATION
2.83,TCP,20991.19,3017.95,1932,12.43,748,275,0,7,443,682.71,DOS
1.377,TCP,195.85,138.25,205,1.63,154,10,0,76,44960,148.83,PORT_SCAN
19.475,TCP,697.42,7100.27,8,974.71,2,33,0,1,443,0.41,BENIGN
1.846,TCP,8738.72,2938.35,969,12.05,1284,192,4,7,443,524.82,DOS
0.957,TCP,42378.57,879.68,3379,12.8,2942,242,1,7,443,3530.36,DOS
0.264,TCP,43977.67,211.0,3779,11.69,1638,135,4,3,443,14290.05,DOS
4.66,TCP,84.41,318.3,225,1.79,93,0,0,43,16354,48.28,PORT_SCAN
33.443,TCP,4790.39,1245.83,240,25.15,12,107,58,3,23,7.18,BRUTE_FORCE
27.377,TCP,2976.91,10218.26,41,321.83,1,35,0,4,443,1.5,BENIGN
5.012,TCP,3894.25,1476.88,15,358.08,1,27,1,2,53,2.99,BENIGN
1.751,TCP,626.04,336.07,235,4.09,152,14,0,44,14428,134.24,PORT_SCAN
17.456,TCP,2046.44,5395.69,98,75.94,0,11,1,2,80,5.61,BENIGN
16.425,TCP,1017.47,11864.39,18,715.66,3,49,1,2,443,1.1,BENIGN
24.168,TCP,395416.75,6939.79,9723,41.38,1,4839,0,2,8443,402.3,DATA_EXFILTRATION
2.159,TCP,228.7,182.73,184,2.24,132,4,0,59,6133,85.22,PORT_SCAN
11.819,TCP,2868.88,3317.07,68,90.97,0,26,1,1,443,5.75,BENIGN
30.617,TCP,204832.55,6354.49,1759,120.06,6,963,2,2,8443,57.45,DATA_EXFILTRATION
28.305,TCP,691.21,10763.85,74,154.8,0,23,0,1,123,2.61,BENIGN
56.067,TCP,3053.12,2503.34,222,25.03,4,75,23,2,22,3.96,BRUTE_FORCE
121.618,TCP,462828.93,1967.89,9281,50.08,4,4164,0,2,22,76.31,DATA_EXFILTRATION
39.528,TCP,732204.62,8041.89,1014,730.03,3,3291,0,2,22,25.65,DATA_EXFILTRATION
1.056,TCP,105.05,475.66,198,2.93,84,0,2,15,44651,187.43,PORT_SCAN
26.313,TCP,1042.27,2727.5,49,76.93,2,56,0,2,22,1.86,BENIGN
19.943,TCP,3396.98,5273.64,81,107.04,0,46,1,4,53,4.06,BENIGN
85.854,TCP,786403.77,4173.7,6836,115.65,1,2712,2,1,443,79.62,DATA_EXFILTRATION
64.241,TCP,680.82,2614.32,382,8.63,6,145,8,1,23,5.95,BRUTE_FORCE
3.155,TCP,31616.95,595.6,3496,9.21,1657,26,2,6,80,1108.23,DOS
4.885,TCP,227.16,164.67,73,5.37,24,6,1,51,13119,14.94,PORT_SCAN
4.8,TCP,432.03,44.45,242,1.97,167,13,2,57,34219,50.42,PORT_SCAN
3.092,TCP,342.25,163.58,182,2.78,26,1,2,55,2830,58.87,PORT_SCAN
82.807,TCP,1314.54,1239.29,231,11.06,10,128,29,3,21,2.79,BRUTE_FORCE
21.622,TCP,663492.08,1644.58,7324,90.82,0,4954,0,1,22,338.73,DATA_EXFILTRATION
4.479,TCP,454.67,177.35,192,3.29,100,0,1,45,16867,42.86,PORT_SCAN
4.934,TCP,261.36,411.14,247,2.72,46,9,0,63,27412,50.06,PORT_SCAN
169.074,TCP,475674.24,7320.36,6753,71.52,1,2504,1,1,443,39.94,DATA_EXFILTRATION
3.195,TCP,11362.7,2640.07,3521,3.98,380,111,3,5,80,1102.11,DOS
3.483,TCP,65.66,479.88,230,2.37,113,2,2,24,24725,66.03,PORT_SCAN
27.736,TCP,1370.23,1013.15,240,9.93,13,151,49,1,3389,8.65,BRUTE_FORCE
2.296,TCP,18257.95,2498.69,4735,4.38,1879,123,2,5,53,2062.1,DOS
2.799,TCP,43048.4,3632.5,1016,45.95,604,136,1,4,80,362.99,DOS
93.592,TCP,990792.31,5306.24,4509,220.91,4,1618,1,1,443,48.18,DATA_EXFILTRATION
105.486,TCP,241734.58,4772.86,3526,69.91,2,685,2,2,22,33.43,DATA_EXFILTRATION
74.287,TCP,787422.57,7418.84,3415,232.75,6,1128,1,1,22,45.97,DATA_EXFILTRATION
16.845,TCP,1900.5,136.15,487,4.18,7,163,44,1,3389,28.91,BRUTE_FORCE
2.648,TCP,34292.48,4531.35,1830,21.22,2792,188,2,3,443,691.05,DOS
1.674,TCP,2060.3,10513.78,96,130.98,2,22,0,1,123,57.36,BENIGN
16.748,TCP,793.75,317.27,393,2.83,9,113,50,2,22,23.47,BRUTE_FORCE
2.215,TCP,30045.0,382.02,2640,11.53,1834,165,2,3,53,1191.96,DOS
54.275,TCP,3649.65,1978.84,391,14.4,6,66,36,2,21,7.2,BRUTE_FORCE
3.873,TCP,138.61,334.99,59,8.03,25,10,2,63,52377,15.23,PORT_SCAN
1.451,TCP,12353.75,1209.88,2761,4.91,2472,269,1,1,53,1902.97,DOS
23.391,TCP,1623.71,8283.21,18,550.38,2,45,0,4,22,0.77,BENIGN
40.307,TCP,4197.0,1382.93,282,19.79,11,145,15,3,3389,7.0,BRUTE_FORCE
2.415,TCP,534.34,169.86,234,3.01,175,1,2,16,24182,96.89,PORT_SCAN
104.552,TCP,419061.39,5417.27,7120,59.62,0,2445,1,2,8443,68.1,DATA_EXFILTRATION
59.182,TCP,340274.61,8180.75,3725,93.55,2,1319,0,1,8443,62.94,DATA_EXFILTRATION
88.37,TCP,2403.89,333.97,428,6.4,5,21,20,1,21,4.84,BRUTE_FORCE
55.924,TCP,3579.38,276.41,86,44.83,3,138,25,1,23,1.54,BRUTE_FORCE
153.912,TCP,792130.8,6923.43,835,956.95,2,3126,1,1,8443,5.43,DATA_EXFILTRATION
1.765,TCP,117.68,248.15,195,1.88,140,2,0,48,21957,110.5,PORT_SCAN
1.04,TCP,216.69,409.75,245,2.56,62,13,2,65,9179,235.48,PORT_SCAN
14.514,TCP,2660.9,9190.69,92,128.82,3,31,0,1,443,6.34,BENIGN
0.103,TCP,460.35,389.24,148,5.74,137,10,0,29,37354,1439.92,PORT_SCAN
3.185,TCP,16066.74,3098.28,2460,7.79,2713,131,2,1,80,772.46,DOS
43.833,TCP,4169.76,2399.93,62,105.96,11,111,59,2,22,1.41,BRUTE_FORCE
25.874,TCP,575034.76,8208.12,6362,91.68,6,3458,0,1,22,245.88,DATA_EXFILTRATION
11.612,TCP,1208.51,2031.69,404,8.02,9,131,56,1,3389,34.79,BRUTE_FORCE
1.315,TCP,918.32,402.69,174,7.59,175,13,0,63,38808,132.33,PORT_SCAN
0.59,TCP,39894.1,1088.27,2166,18.92,2220,22,4,3,80,3673.76,DOS
0.735,TCP,31282.18,2160.78,4244,7.88,144,227,0,5,80,5777.53,DOS
2.546,TCP,638.73,465.43,234,4.72,98,14,1,56,39452,91.91,PORT_SCAN
86.734,TCP,4494.57,921.09,279,19.41,12,187,43,3,23,3.22,BRUTE_FORCE
4.451,TCP,776.0,115.9,90,9.91,66,2,2,25,46411,20.22,PORT_SCAN
42.136,TCP,3751.15,2753.9,454,14.33,12,198,28,1,22,10.77,BRUTE_FORCE
11.459,TCP,2612.42,8866.8,58,197.92,3,8,1,4,443,5.06,BENIGN
1.138,TCP,4281.51,7467.52,48,244.77,0,53,1,4,123,42.2,BENIGN
61.23,TCP,2957.63,459.66,77,44.38,6,138,24,3,3389,1.26,BRUTE_FORCE
24.426,TCP,134402.9,1774.6,6764,20.13,5,1260,2,1,22,276.91,DATA_EXFILTRATION
0.704,TCP,26500.59,3076.19,2478,11.94,611,6,3,7,80,3518.95,DOS
3.446,TCP,43045.61,634.37,986,44.3,2115,252,1,5,53,286.09,DOS
4.994,TCP,632.84,447.09,213,5.07,165,7,2,38,30207,42.65,PORT_SCAN
3.405,TCP,19891.44,1056.2,1302,16.09,868,109,1,2,443,382.34,DOS
66.41,TCP,4078.96,762.06,370,13.08,9,166,16,1,22,5.57,BRUTE_FORCE
121.47,TCP,271083.12,1673.31,737,370.09,9,1901,1,2,22,6.07,DATA_EXFILTRATION
2.947,TCP,30104.9,3648.54,4850,6.96,2076,251,1,7,443,1645.9,DOS
26.343,TCP,1342.96,7368.16,22,395.96,2,31,0,4,22,0.84,BENIGN
4.451,TCP,821.16,187.79,243,4.15,112,1,0,32,63722,54.59,PORT_SCAN
78.979,TCP,510386.36,1682.2,3122,164.02,0,4583,2,1,22,39.53,DATA_EXFILTRATION
12.455,TCP,3444.65,1877.55,39,136.47,3,16,0,3,53,3.13,BENIGN
48.406,TCP,4989.42,431.89,159,34.1,12,102,52,2,23,3.28,BRUTE_FORCE
0.852,TCP,603.55,156.95,202,3.76,138,5,0,63,44000,237.06,PORT_SCAN
1.653,TCP,23226.2,3591.16,3173,8.45,1918,218,0,3,80,1918.98,DOS
22.047,TCP,2878.0,9125.22,73,164.43,3,9,0,4,443,3.31,BENIGN
1.039,TCP,38574.69,3871.78,2831,14.99,2199,119,0,3,53,2724.77,DOS
3.781,TCP,14347.88,3446.18,756,23.54,472,276,1,1,443,199.96,DOS
29.482,TCP,3075.34,5157.25,93,88.52,1,8,0,1,53,3.15,BENIGN
1.178,TCP,25388.7,4297.22,3982,7.46,2212,1,2,6,80,3380.99,DOS
1.008,TCP,490.64,158.93,72,9.02,147,3,2,50,52606,71.4,PORT_SCAN
1.303,TCP,90.42,127.32,156,1.4,92,2,1,20,11578,119.7,PORT_SCAN
78.149,TCP,1584.4,1661.34,305,10.64,3,31,33,3,21,3.9,BRUTE_FORCE
2.346,TCP,138.15,289.76,36,11.89,40,10,2,16,33271,15.34,PORT_SCAN
61.063,TCP,2817.23,2568.01,116,46.42,7,150,50,3,3389,1.9,BRUTE_FORCE
2.743,TCP,14054.2,1982.62,3812,4.21,524,36,2,3,53,1389.63,DOS
67.25,TCP,356185.39,5162.9,4675,77.29,2,1397,2,2,22,69.52,DATA_EXFILTRATION
22.926,TCP,3255.01,864.98,498,8.27,3,54,56,2,21,21.72,BRUTE_FORCE
15.41,TCP,2633.25,2536.73,355,14.56,1,66,8,3,21,23.04,BRUTE_FORCE
3.0,TCP,18605.44,2851.32,2647,8.11,590,150,4,6,53,882.31,DOS
84.259,TCP,2375.17,110.49,155,16.04,1,58,13,3,21,1.84,BRUTE_FORCE
98.198,TCP,640293.75,2693.56,2769,232.21,3,3709,2,1,443,28.2,DATA_EXFILTRATION
142.398,TCP,763538.07,1404.0,2023,378.12,5,3155,1,1,22,14.21,DATA_EXFILTRATION
0.59,TCP,35804.81,2506.3,4169,9.19,148,226,1,7,53,7060.29,DOS
172.325,TCP,237424.32,7072.67,595,410.92,5,422,1,1,22,3.45,DATA_EXFILTRATION
1.826,TCP,725.84,28.85,101,7.47,90,8,1,31,40003,55.32,PORT_SCAN
2.055,TCP,47327.49,2197.34,629,78.74,146,66,1,6,443,306.02,DOS
52.777,TCP,562.88,106.48,354,1.89,8,71,23,2,21,6.71,BRUTE_FORCE
3.541,TCP,46066.21,4414.57,4188,12.05,515,187,2,5,53,1182.66,DOS
3.761,TCP,174.21,407.33,229,2.54,169,3,1,24,46553,60.89,PORT_SCAN
28.058,TCP,4041.37,5661.84,65,149.28,3,50,0,3,53,2.32,BENIGN
26.833,TCP,4477.89,6274.41,49,219.43,1,2,1,2,22,1.83,BENIGN
26.06,TCP,4749.33,4240.02,15,599.29,0,28,0,2,443,0.58,BENIGN
25.173,TCP,774984.81,4128.89,6497,119.92,5,4524,0,1,443,258.1,DATA_EXFILTRATION
26.531,TCP,2727.38,7499.33,22,464.85,1,43,0,2,443,0.83,BENIGN
2.954,TCP,993.85,495.33,54,27.58,104,5,1,61,56358,18.28,PORT_SCAN
170.01,TCP,967169.23,6354.44,2766,351.96,3,955,2,1,443,16.27,DATA_EXFILTRATION
54.574,TCP,764487.04,8626.62,9585,80.66,8,2331,1,2,443,175.63,DATA_EXFILTRATION
158.559,TCP,299003.05,1531.61,3393,88.57,0,2545,2,1,443,21.4,DATA_EXFILTRATION
122.761,TCP,432481.86,4990.52,3735,117.13,4,2729,0,2,443,30.42,DATA_EXFILTRATION
25.001,TCP,3195.16,9121.24,71,173.47,1,5,1,2,123,2.84,BENIGN
24.416,TCP,4993.84,3626.71,78,110.52,1,32,0,1,443,3.19,BENIGN
75.032,TCP,4465.55,1686.35,361,17.04,12,48,34,1,22,4.81,BRUTE_FORCE
134.42,TCP,339945.14,5781.72,4373,79.06,8,1854,0,2,22,32.53,DATA_EXFILTRATION
41.864,TCP,663418.81,3529.2,2379,280.35,1,1948,1,1,22,56.83,DATA_EXFILTRATION
2.763,TCP,16167.73,2674.4,2830,6.66,2396,117,3,7,80,1024.41,DOS
106.733,TCP,112310.78,9614.3,7608,16.03,5,4539,1,2,443,71.28,DATA_EXFILTRATION
0.879,TCP,36321.84,1360.0,3194,11.8,2686,105,3,5,53,3632.68,DOS
1.734,TCP,364.14,81.07,124,3.59,50,7,2,79,29247,71.49,PORT_SCAN
3.318,TCP,20144.47,3368.76,3554,6.62,1161,171,0,3,443,1071.06,DOS
0.835,TCP,242.65,336.79,61,9.5,135,2,1,77,62464,73.04,PORT_SCAN
101.603,TCP,491577.62,6989.0,912,546.67,1,1771,1,2,22,8.98,DATA_EXFILTRATION
18.511,TCP,4843.14,1836.69,398,16.78,6,105,38,1,21,21.5,BRUTE_FORCE
22.598,TCP,4840.8,3977.32,91,96.9,1,5,0,4,53,4.03,BENIGN
14.848,TCP,3831.02,10849.6,53,276.99,2,17,1,3,22,3.57,BENIGN
0.208,TCP,46307.41,2093.74,3937,12.29,1051,148,0,6,443,18916.65,DOS
14.951,TCP,614.76,1838.89,194,12.65,2,40,56,3,3389,12.98,BRUTE_FORCE
85.94,TCP,1958.56,1735.04,52,71.03,4,49,40,3,22,0.61,BRUTE_FORCE
1.558,TCP,39041.1,2928.96,4680,8.97,2187,222,0,4,53,3003.06,DOS
88.703,TCP,421315.57,9170.65,6013,71.59,9,4935,1,2,443,67.79,DATA_EXFILTRATION
90.971,TCP,781852.94,9704.67,632,1252.46,9,1825,2,2,8443,6.95,DATA_EXFILTRATION
88.096,TCP,647.41,2223.72,228,12.59,11,147,11,2,21,2.59,BRUTE_FORCE
18.943,TCP,296.47,5594.55,96,61.36,2,55,0,2,53,5.07,BENIGN
25.205,TCP,777.31,1401.54,385,5.66,3,157,44,1,22,15.27,BRUTE_FORCE
1.463,TCP,39902.15,3505.81,3741,11.6,2030,80,4,2,80,2556.46,DOS
45.042,TCP,2632.93,1784.53,74,59.7,1,93,55,1,21,1.64,BRUTE_FORCE
125.399,TCP,641292.11,8245.02,8753,74.21,0,4561,2,2,22,69.8,DATA_EXFILTRATION
24.937,TCP,1547.26,5556.72,34,208.94,1,1,0,3,123,1.36,BENIGN
23.658,TCP,641.88,11964.71,9,1400.73,3,41,0,4,123,0.38,BENIGN
4.558,TCP,803.99,48.18,186,4.58,88,14,2,50,64664,40.81,PORT_SCAN
5.94,TCP,4895.31,6033.81,55,198.71,1,18,1,4,80,9.26,BENIGN
25.749,TCP,1246.3,793.8,86,23.72,1,55,0,2,22,3.34,BENIGN
1.136,TCP,24308.38,2034.72,527,49.99,974,177,0,1,443,463.92,DOS
26.404,TCP,4128.04,406.86,91,49.83,9,25,46,3,3389,3.45,BRUTE_FORCE
4.558,TCP,330.27,293.04,84,7.42,66,5,1,33,40754,18.43,PORT_SCAN
31.674,TCP,2700.39,208.2,174,16.72,12,35,13,3,22,5.49,BRUTE_FORCE
88.087,TCP,991562.3,7214.39,6117,163.28,3,4863,1,2,8443,69.44,DATA_EXFILTRATION
82.971,TCP,441126.79,4474.73,1171,380.53,1,1687,1,1,8443,14.11,DATA_EXFILTRATION
2.123,TCP,39907.66,4889.78,4911,9.12,1388,229,1,7,443,2312.8,DOS
66.5,TCP,866.49,1462.9,414,5.63,1,179,43,1,22,6.23,BRUTE_FORCE
107.738,TCP,231303.9,1252.59,9611,24.2,9,2191,1,1,8443,89.21,DATA_EXFILTRATION
75.608,TCP,1655.04,2261.32,119,32.91,2,28,47,2,3389,1.57,BRUTE_FORCE
88.769,TCP,1615.56,320.25,117,16.55,8,198,25,2,22,1.32,BRUTE_FORCE
59.088,TCP,1527.96,1817.4,164,20.4,6,117,17,2,21,2.78,BRUTE_FORCE
137.591,TCP,452246.61,8706.66,5423,85.0,7,2059,2,1,22,39.41,DATA_EXFILTRATION
3.766,TCP,118.27,304.22,105,4.02,140,12,1,51,717,27.88,PORT_SCAN
24.758,TCP,925.5,1109.24,216,9.42,14,129,39,2,22,8.72,BRUTE_FORCE
141.18,TCP,518722.6,8750.75,8040,65.61,7,121,2,2,22,56.95,DATA_EXFILTRATION
1.305,TCP,743.32,382.2,243,4.63,35,6,1,23,13144,186.24,PORT_SCAN
2.772,TCP,638.92,354.43,206,4.82,157,13,0,23,60697,74.33,PORT_SCAN
2.563,TCP,194.21,188.93,163,2.35,110,8,1,46,53995,63.59,PORT_SCAN
14.236,TCP,1993.07,4403.03,23,278.09,1,7,0,3,53,1.62,BENIGN
0.219,TCP,944.3,71.99,185,5.49,40,2,0,72,64307,845.82,PORT_SCAN
19.672,TCP,4131.53,5376.63,47,202.3,0,6,1,4,53,2.39,BENIGN
4.768,TCP,2430.95,2800.22,58,90.19,2,56,0,1,123,12.17,BENIGN
3.127,TCP,629.78,493.62,191,5.88,34,5,2,41,13370,61.09,PORT_SCAN
4.671,TCP,243.67,273.7,176,2.94,153,3,0,76,28823,37.68,PORT_SCAN
37.454,TCP,924993.96,6191.89,6615,140.77,3,690,1,2,443,176.61,DATA_EXFILTRATION
120.284,TCP,855253.79,7529.0,4354,198.16,8,2673,1,1,8443,36.2,DATA_EXFILTRATION
2.225,TCP,18052.15,4860.72,3692,6.21,1902,230,3,1,443,1659.3,DOS
35.243,TCP,1083.78,2114.92,495,6.46,4,187,25,2,21,14.05,BRUTE_FORCE
1.79,TCP,42603.5,3067.4,4909,9.3,299,189,2,2,80,2742.78,DOS
14.393,TCP,3327.89,6697.35,40,250.63,1,58,0,1,80,2.78,BENIGN
2.653,TCP,457.16,242.91,165,4.24,53,3,2,39,13001,62.2,PORT_SCAN
7.676,TCP,283.32,6702.74,56,124.75,1,19,1,2,123,7.3,BENIGN
125.486,TCP,194570.43,755.45,2750,71.03,3,4279,0,2,22,21.91,DATA_EXFILTRATION
0.227,TCP,844.39,56.84,188,4.79,51,5,0,54,29180,826.43,PORT_SCAN
3.309,TCP,995.78,27.59,174,5.88,109,9,2,45,54182,52.58,PORT_SCAN
1.696,TCP,7321.08,4672.07,863,13.9,1299,155,3,7,443,508.85,DOS
21.406,TCP,3717.16,1842.33,79,70.37,10,61,13,1,21,3.69,BRUTE_FORCE
15.619,TCP,756.11,2756.48,259,13.56,5,159,59,1,3389,16.58,BRUTE_FORCE
1.751,TCP,8686.39,1450.76,3969,2.55,2000,165,1,5,53,2266.82,DOS
3.516,TCP,7067.16,4963.05,3382,3.56,818,256,1,5,80,961.91,DOS
1.955,TCP,415.91,182.72,105,5.7,72,4,0,54,1652,53.7,PORT_SCAN
90.109,TCP,721298.14,5965.04,7747,93.88,5,3148,1,2,22,85.97,DATA_EXFILTRATION
99.176,TCP,719927.72,7839.11,6410,113.54,9,601,2,1,8443,64.63,DATA_EXFILTRATION
3.933,TCP,760.59,411.24,75,15.62,91,6,2,32,15778,19.07,PORT_SCAN
3.746,TCP,555.03,248.54,57,14.1,91,0,1,35,13208,15.22,PORT_SCAN
24.962,TCP,4491.19,1768.96,33,189.7,2,19,0,3,22,1.32,BENIGN
1.47,TCP,80.44,314.91,97,4.08,79,4,1,64,7122,65.98,PORT_SCAN
30.988,TCP,870542.35,2323.0,2145,406.93,0,673,1,2,443,69.22,DATA_EXFILTRATION
7.866,TCP,1322.0,6897.67,95,86.52,1,17,0,1,80,12.08,BENIGN
4.033,TCP,898.4,25.29,150,6.16,48,8,2,36,36011,37.19,PORT_SCAN
20.584,TCP,3594.97,9307.28,5,2580.45,3,44,1,2,123,0.24,BENIGN
0.701,TCP,31012.73,3796.71,2231,15.6,1173,251,4,4,443,3180.71,DOS
22.312,TCP,1091.78,8368.1,52,181.92,3,55,0,4,22,2.33,BENIGN
51.874,TCP,4582.39,2646.17,417,17.33,12,94,34,2,22,8.04,BRUTE_FORCE
26.118,TCP,2987.72,4368.21,68,108.18,1,26,0,4,22,2.6,BENIGN
15.869,TCP,2221.57,526.53,94,29.24,3,44,0,2,53,5.92,BENIGN
27.014,TCP,4587.56,2681.04,160,45.43,10,90,20,1,22,5.92,BRUTE_FORCE
3.094,TCP,19270.43,3304.47,4358,5.18,1496,150,2,1,80,1408.58,DOS
59.202,TCP,4506.16,1847.41,308,20.63,10,99,27,2,21,5.2,BRUTE_FORCE
21.246,TCP,4206.1,577.8,48,99.66,0,7,0,3,443,2.26,BENIGN
4.378,TCP,695.1,63.4,117,6.48,114,2,0,15,48104,26.73,PORT_SCAN
3.284,TCP,38244.17,4806.6,2641,16.3,884,72,4,3,443,804.23,DOS
1.209,TCP,15703.88,2268.39,4632,3.88,1942,104,2,4,80,3831.8,DOS
17.214,TCP,2450.18,1122.96,329,10.86,11,151,38,2,22,19.11,BRUTE_FORCE
3.298,TCP,168.19,161.79,191,1.73,166,7,0,39,26663,57.92,PORT_SCAN
25.897,TCP,241881.91,9552.99,7123,35.3,5,672,1,2,8443,275.05,DATA_EXFILTRATION
69.822,TCP,255260.74,8758.99,741,356.3,9,214,1,2,443,10.61,DATA_EXFILTRATION
1.849,TCP,46858.19,2853.2,2470,20.13,1224,247,4,1,443,1335.61,DOS
13.552,TCP,4989.54,2621.43,384,19.82,13,75,57,1,22,28.34,BRUTE_FORCE
35.412,TCP,873.21,559.74,450,3.18,6,141,53,2,21,12.71,BRUTE_FORCE
136.019,TCP,337110.06,3627.34,8458,40.29,2,1438,2,2,443,62.18,DATA_EXFILTRATION
64.112,TCP,3857.6,705.07,327,13.95,7,72,38,3,21,5.1,BRUTE_FORCE
4.764,TCP,61.45,386.25,187,2.39,175,2,2,30,63615,39.25,PORT_SCAN
78.477,TCP,3245.11,474.5,307,12.12,12,61,45,3,3389,3.91,BRUTE_FORCE
62.586,TCP,551919.51,4602.56,1928,288.65,5,367,2,2,443,30.81,DATA_EXFILTRATION
3.314,TCP,311.28,51.17,32,11.33,28,13,1,67,1424,9.66,PORT_SCAN
62.157,TCP,3483.15,1492.09,341,14.59,13,90,34,1,22,5.49,BRUTE_FORCE
0.634,TCP,20903.31,1985.49,4997,4.58,1519,229,3,1,80,7886.35,DOS
10.567,TCP,3183.08,865.7,392,10.33,3,28,10,3,22,37.1,BRUTE_FORCE
40.508,TCP,2702.12,1708.69,380,11.61,1,43,51,2,3389,9.38,BRUTE_FORCE
20.386,TCP,572170.74,2349.48,1619,354.86,7,3214,2,1,443,79.42,DATA_EXFILTRATION
40.745,TCP,4406.7,1657.3,331,18.32,10,134,48,3,3389,8.12,BRUTE_FORCE
59.815,TCP,2814.44,2162.1,321,15.5,8,33,55,3,21,5.37,BRUTE_FORCE
28.006,TCP,686.69,1493.53,73,29.87,0,29,1,3,443,2.61,BENIGN
4.718,TCP,953.13,217.38,214,5.47,126,7,1,60,49378,45.36,PORT_SCAN
172.635,TCP,879617.73,4314.44,1092,809.46,6,3847,2,2,8443,6.33,DATA_EXFILTRATION
6.247,TCP,4544.81,631.32,65,79.63,0,12,0,1,443,10.41,BENIGN
0.283,TCP,18664.63,2164.24,3763,5.54,621,291,2,2,80,13298.97,DOS
38.161,TCP,687812.2,5080.05,2145,323.03,5,3728,0,2,22,56.21,DATA_EXFILTRATION
3.597,TCP,993.17,183.94,145,8.12,46,1,1,68,34946,40.32,PORT_SCAN
78.834,TCP,640289.32,1305.96,5403,118.75,3,2449,0,1,22,68.54,DATA_EXFILTRATION
3.749,TCP,829.48,379.69,166,7.28,66,6,0,79,15620,44.27,PORT_SCAN
0.308,TCP,46945.11,2558.14,4381,11.3,1560,144,4,6,443,14242.43,DOS
1.36,TCP,565.79,173.82,214,3.46,65,2,1,79,12014,157.35,PORT_SCAN
3.052,TCP,864.02,66.98,195,4.77,64,14,1,70,2783,63.9,PORT_SCAN
151.16,TCP,452718.71,3810.8,1339,340.95,5,4476,1,2,22,8.86,DATA_EXFILTRATION
87.868,TCP,4154.86,2596.13,57,118.44,7,121,51,1,22,0.65,BRUTE_FORCE
2.173,TCP,25052.0,128.67,675,37.3,1765,154,3,7,80,310.67,DOS
135.113,TCP,336285.29,6417.31,7924,43.25,6,334,2,1,443,58.65,DATA_EXFILTRATION
85.199,TCP,3323.51,1609.03,445,11.08,12,61,21,3,3389,5.22,BRUTE_FORCE
77.009,TCP,2679.73,241.3,490,5.96,1,24,32,1,21,6.36,BRUTE_FORCE
70.252,TCP,583145.56,3728.24,7483,78.43,4,2858,0,1,443,106.52,DATA_EXFILTRATION
9.39,TCP,1363.26,7072.94,39,216.31,1,17,0,3,123,4.15,BENIGN
1.589,TCP,12242.63,1451.23,3074,4.45,2651,198,2,2,443,1934.31,DOS
70.876,TCP,1923.24,695.25,259,10.11,7,154,36,3,3389,3.65,BRUTE_FORCE
8.97,TCP,4444.13,2332.36,69,98.21,0,40,0,2,22,7.69,BENIGN
1.84,TCP,479.83,219.76,97,7.21,50,8,2,70,16601,52.71,PORT_SCAN
2.535,TCP,81.29,128.14,37,5.66,135,7,2,22,5295,14.59,PORT_SCAN
6.969,TCP,4881.11,2702.58,41,184.97,2,40,1,4,123,5.88,BENIGN
3.753,TCP,18071.17,2119.93,578,34.93,2300,250,1,4,443,154.03,DOS
22.788,TCP,202956.0,3081.11,4100,50.25,1,4139,2,1,443,179.92,DATA_EXFILTRATION
98.382,TCP,130062.22,5956.53,4028,33.77,5,3703,0,2,22,40.94,DATA_EXFILTRATION
5.987,TCP,4462.29,5692.48,83,122.35,1,50,1,2,53,13.86,BENIGN
55.631,TCP,417528.49,9450.26,8128,52.53,8,1832,1,1,8443,146.11,DATA_EXFILTRATION
1.859,TCP,7051.13,2208.11,1448,6.39,1959,240,2,1,80,778.94,DOS
0.498,TCP,65.02,249.06,133,2.36,99,7,1,44,37235,267.25,PORT_SCAN
37.643,TCP,4108.58,2650.33,185,36.53,7,41,58,2,23,4.91,BRUTE_FORCE
1.31,TCP,46824.14,1722.77,1950,24.9,2521,23,4,6,443,1488.63,DOS
3.73,TCP,28867.98,973.41,583,51.19,1973,129,0,1,80,156.3,DOS
0.591,TCP,793.68,472.35,101,12.53,23,14,1,31,50058,170.78,PORT_SCAN
50.902,TCP,4152.19,469.54,58,79.68,2,142,37,1,21,1.14,BRUTE_FORCE
72.349,TCP,1816.68,2431.26,77,55.17,5,61,49,2,21,1.06,BRUTE_FORCE
16.131,TCP,3218.6,2961.11,346,17.86,10,51,44,2,3389,21.45,BRUTE_FORCE
25.957,TCP,921.73,189.33,8,138.88,1,27,1,1,123,0.31,BENIGN
9.548,TCP,3351.74,10051.32,23,582.74,0,4,1,1,80,2.41,BENIGN
132.574,TCP,838058.04,4921.69,7160,117.73,9,797,2,1,443,54.01,DATA_EXFILTRATION
60.728,TCP,693153.31,695.16,3072,225.86,9,1880,0,2,8443,50.59,DATA_EXFILTRATION
129.929,TCP,171310.14,9124.57,4290,42.06,6,1129,1,2,8443,33.02,DATA_EXFILTRATION
12.855,TCP,1166.38,7100.84,62,133.34,1,55,0,2,443,4.82,BENIGN
86.774,TCP,3176.43,1960.82,360,14.27,10,122,44,2,3389,4.15,BRUTE_FORCE
3.357,TCP,7108.57,954.52,4510,1.79,240,74,0,5,80,1343.47,DOS
3.442,TCP,15934.36,1868.42,3524,5.05,2172,66,0,5,80,1023.9,DOS
5.774,TCP,320.06,5277.66,97,57.71,3,9,1,1,22,16.8,BENIGN
76.333,TCP,167580.44,4497.1,8344,20.62,6,517,2,1,8443,109.31,DATA_EXFILTRATION
3.026,TCP,47122.14,671.85,611,78.22,2786,54,3,6,53,201.93,DOS
2.38,TCP,258.99,410.01,144,4.65,137,1,0,70,29570,60.52,PORT_SCAN
2.786,TCP,31744.53,823.87,2188,14.89,2466,267,0,4,80,785.26,DOS
19.059,TCP,3779.11,9544.26,83,160.52,0,13,1,3,443,4.35,BENIGN
27.006,TCP,2430.25,817.94,81,40.1,3,43,1,3,22,3.0,BENIGN
0.856,TCP,944.02,100.34,118,8.85,120,2,0,40,42045,137.85,PORT_SCAN
3.98,TCP,30002.65,3477.96,4553,7.35,1966,181,4,7,53,1144.1,DOS
72.153,TCP,2194.42,979.68,317,10.01,3,103,59,1,21,4.39,BRUTE_FORCE
0.668,TCP,890.84,254.85,92,12.45,42,4,0,27,45057,137.74,PORT_SCAN
4.044,TCP,2052.91,11016.32,64,204.21,2,24,0,1,80,15.82,BENIGN
22.344,TCP,4693.08,2308.37,189,37.04,13,166,55,3,23,8.46,BRUTE_FORCE
41.068,TCP,816414.75,8142.7,9379,87.92,6,3845,0,1,22,228.38,DATA_EXFILTRATION
1.87,TCP,34387.86,2596.01,2376,15.57,684,164,0,5,53,1270.58,DOS
0.338,TCP,8293.13,2310.82,4411,2.4,810,42,4,6,53,13042.68,DOS
52.906,TCP,1570.26,2502.64,240,16.97,14,100,31,3,23,4.54,BRUTE_FORCE
13.113,TCP,3201.23,367.55,404,8.83,8,62,47,3,22,30.81,BRUTE_FORCE
69.506,TCP,709096.88,1791.71,5138,138.36,2,1420,2,2,443,73.92,DATA_EXFILTRATION
3.74,TCP,275.21,418.28,132,5.25,107,0,2,77,30969,35.29,PORT_SCAN
23.367,TCP,315485.05,7243.69,2701,119.48,7,499,1,1,8443,115.59,DATA_EXFILTRATION
2.911,TCP,523.1,298.61,64,12.84,80,4,2,34,9082,21.99,PORT_SCAN
25.071,TCP,4881.9,10121.64,39,384.71,3,37,0,4,22,1.56,BENIGN
3.328,TCP,14188.49,4725.34,3923,4.82,551,22,0,3,53,1178.63,DOS
1.338,TCP,17207.33,3277.71,4820,4.25,253,255,1,1,53,3603.59,DOS
2.395,TCP,964.09,236.28,159,7.55,48,6,0,24,6239,66.39,PORT_SCAN
0.098,TCP,33450.33,4993.61,3136,12.26,954,288,0,7,80,31360.0,DOS
124.86,TCP,868732.58,7936.94,1408,622.63,8,1994,2,2,22,11.28,DATA_EXFILTRATION
13.417,TCP,3225.89,10289.13,78,173.27,2,18,0,2,22,5.81,BENIGN
49.309,TCP,500531.77,2298.41,7656,65.68,1,3930,0,1,8443,155.27,DATA_EXFILTRATION
7.918,TCP,4262.1,781.06,68,74.16,3,58,1,1,22,8.59,BENIGN
19.825,TCP,3384.0,9178.55,63,199.41,0,43,0,3,443,3.18,BENIGN
77.087,TCP,258136.29,5975.7,4651,56.79,3,3366,0,2,8443,60.33,DATA_EXFILTRATION
6.697,TCP,1620.59,9351.12,35,313.48,3,30,1,2,53,5.23,BENIGN
0.223,TCP,24781.43,3892.72,3592,7.98,1987,252,3,6,443,16090.29,DOS
1.35,TCP,535.59,475.35,115,8.79,81,0,2,30,64679,85.18,PORT_SCAN
3.11,TCP,474.91,211.35,139,4.94,95,4,1,29,32832,44.69,PORT_SCAN
79.888,TCP,409517.38,553.58,5620,72.97,9,4389,1,2,8443,70.35,DATA_EXFILTRATION
1.497,TCP,38582.68,708.34,4467,8.8,1062,192,3,6,443,2983.63,DOS
28.949,TCP,634.24,993.57,412,3.95,13,164,51,1,22,14.23,BRUTE_FORCE
28.435,TCP,1576.58,6978.4,56,152.77,2,16,1,2,123,1.97,BENIGN
16.088,TCP,4019.37,3841.96,54,145.58,3,23,0,1,53,3.36,BENIGN
86.726,TCP,3682.7,2965.02,160,41.55,14,100,55,3,3389,1.84,BRUTE_FORCE
19.921,TCP,1649.45,9470.44,37,300.54,2,12,0,3,22,1.86,BENIGN
0.957,TCP,776.57,193.07,134,7.24,145,2,0,65,12233,139.96,PORT_SCAN
106.033,TCP,143973.92,4758.88,4245,35.04,9,4495,2,1,443,40.03,DATA_EXFILTRATION
1.068,TCP,867.84,415.07,231,5.55,164,5,2,74,62887,216.36,PORT_SCAN
44.225,TCP,1759.22,2088.91,410,9.39,12,133,47,2,23,9.27,BRUTE_FORCE
1.92,TCP,13929.77,1947.27,4725,3.36,1065,183,1,5,443,2461.22,DOS
4.511,TCP,739.42,52.94,42,18.87,130,12,1,32,49633,9.31,PORT_SCAN
91.79,TCP,254473.76,1667.97,9485,27.0,5,269,1,2,22,103.33,DATA_EXFILTRATION
76.874,TCP,1339.05,735.89,140,14.82,5,58,38,1,23,1.82,BRUTE_FORCE
156.201,TCP,374136.72,4780.13,4600,82.37,6,4689,0,2,8443,29.45,DATA_EXFILTRATION
29.36,TCP,2116.72,9544.82,66,176.69,0,14,1,3,123,2.25,BENIGN
41.363,TCP,4343.91,1300.68,486,11.61,8,89,8,2,23,11.75,BRUTE_FORCE
26.588,TCP,3020.26,1656.18,386,12.12,12,37,15,1,3389,14.52,BRUTE_FORCE
11.562,TCP,1640.76,1975.58,96,37.67,0,6,1,3,443,8.3,BENIGN
2.564,TCP,530.01,299.67,218,3.81,83,12,2,77,59843,85.02,PORT_SCAN
45.587,TCP,3151.79,1645.82,184,26.07,10,167,32,1,23,4.04,BRUTE_FORCE
23.616,TCP,2285.76,11175.15,84,160.25,2,6,0,2,53,3.56,BENIGN
26.466,TCP,1934.87,1303.16,42,77.1,3,30,0,1,443,1.59,BENIGN
22.564,TCP,213.39,11752.77,98,122.1,1,48,1,4,123,4.34,BENIGN
40.471,TCP,331887.24,9116.07,2884,118.24,5,3891,2,1,22,71.26,DATA_EXFILTRATION
1.905,TCP,560.31,162.5,213,3.39,29,7,1,50,16682,111.82,PORT_SCAN
13.713,TCP,2433.66,11936.95,60,239.51,2,16,1,3,123,4.38,BENIGN
1.943,TCP,7796.26,1364.8,676,13.55,2431,133,3,5,53,347.87,DOS
3.392,TCP,962.56,198.04,161,7.21,88,9,2,39,33145,47.46,PORT_SCAN
64.026,TCP,276084.67,2531.6,4695,59.34,1,875,1,2,443,73.33,DATA_EXFILTRATION
21.45,TCP,3925.57,5561.1,53,178.99,2,3,0,1,53,2.47,BENIGN
4.387,TCP,207.57,413.44,149,4.17,25,14,1,75,57063,33.97,PORT_SCAN
46.073,TCP,692956.06,5502.99,5023,139.05,2,3489,1,1,8443,109.02,DATA_EXFILTRATION
2.199,TCP,705.27,436.75,213,5.36,79,8,1,57,4532,96.86,PORT_SCAN
22.924,TCP,3137.62,444.45,111,32.27,12,138,22,3,23,4.84,BRUTE_FORCE
1.886,TCP,44662.49,3213.6,1114,42.98,1908,174,1,6,80,590.59,DOS
22.608,TCP,965.8,1558.69,253,9.98,10,169,49,1,23,11.19,BRUTE_FORCE
3.299,TCP,923.15,68.25,159,6.24,70,0,0,53,61917,48.2,PORT_SCAN
77.609,TCP,574388.28,7109.94,8474,68.62,3,452,1,2,22,109.19,DATA_EXFILTRATION
4.034,TCP,4529.47,10400.31,86,173.6,3,30,0,1,80,21.32,BENIGN
57.199,TCP,998.38,330.57,391,3.4,11,66,23,1,3389,6.84,BRUTE_FORCE
64.846,TCP,635111.83,7636.16,2064,311.41,7,2974,1,1,8443,31.83,DATA_EXFILTRATION
23.14,TCP,1096.46,2866.91,158,25.08,4,63,26,3,22,6.83,BRUTE_FORCE
8.398,TCP,3164.84,3913.84,73,96.97,3,31,0,2,22,8.69,BENIGN
68.479,TCP,299857.68,2369.31,6633,45.56,3,3857,1,2,22,96.86,DATA_EXFILTRATION
2.682,TCP,43955.92,793.01,950,47.1,1161,276,0,2,80,354.27,DOS
86.818,TCP,1075.47,1112.11,329,6.65,10,22,19,3,22,3.79,BRUTE_FORCE
172.445,TCP,103133.73,2521.52,591,178.77,1,4676,2,1,8443,3.43,DATA_EXFILTRATION
21.308,TCP,1630.6,10003.89,46,252.92,3,50,0,4,80,2.16,BENIGN
1.234,TCP,12883.34,1175.57,1990,7.06,1485,107,4,7,443,1613.16,DOS
1.26,TCP,13918.06,4777.38,4475,4.18,2450,218,1,4,53,3551.4,DOS
3.858,TCP,816.08,168.06,44,22.37,168,7,0,75,65159,11.41,PORT_SCAN
0.957,TCP,258.6,242.68,160,3.13,170,7,2,21,14106,167.27,PORT_SCAN
2.704,TCP,39607.79,2578.22,2413,17.48,2746,21,3,2,53,892.23,DOS
1.461,TCP,24931.13,3324.36,1925,14.68,1338,110,3,2,80,1317.26,DOS
1.638,TCP,309.16,82.83,33,11.88,90,10,0,70,24200,20.15,PORT_SCAN
3.01,TCP,18099.42,707.06,3130,6.01,2711,200,4,5,80,1039.72,DOS
1.876,TCP,45013.9,4712.59,4440,11.2,736,212,0,7,53,2366.75,DOS
2.256,TCP,10412.86,4102.42,2968,4.89,896,16,2,5,443,1315.41,DOS
83.97,TCP,3290.36,1002.09,67,64.07,6,176,14,2,21,0.8,BRUTE_FORCE
3.733,TCP,34069.53,4758.18,1833,21.18,2470,193,4,2,443,490.99,DOS
10.066,TCP,3193.38,1126.19,413,10.46,2,91,17,2,22,41.03,BRUTE_FORCE
3.462,TCP,6851.89,811.84,2899,2.64,524,276,3,2,53,837.35,DOS
74.554,TCP,4381.15,713.65,444,11.47,1,111,29,3,3389,5.96,BRUTE_FORCE
0.922,TCP,27786.83,4455.06,3711,8.69,2397,213,2,5,80,4022.89,DOS
172.884,TCP,881597.39,3262.95,9761,90.65,9,4396,0,2,8443,56.46,DATA_EXFILTRATION
3.611,TCP,771.99,295.94,93,11.48,158,3,0,68,57776,25.75,PORT_SCAN
68.161,TCP,4388.34,515.57,308,15.92,5,72,18,2,21,4.52,BRUTE_FORCE
16.093,TCP,2372.01,8312.51,60,178.08,0,37,1,1,80,3.73,BENIGN
6.466,TCP,1786.29,1252.04,53,57.33,3,12,0,1,123,8.2,BENIGN
143.679,TCP,136659.94,9456.51,2878,50.77,0,3434,1,2,8443,20.03,DATA_EXFILTRATION
12.528,TCP,2965.29,1623.83,67,68.49,1,13,0,4,53,5.35,BENIGN
9.064,TCP,1593.05,5192.05,79,85.89,2,24,1,4,443,8.72,BENIGN
5.723,TCP,3454.35,4139.79,7,1084.88,3,43,0,1,53,1.22,BENIGN
1.213,TCP,20464.07,2318.48,4740,4.81,1566,179,4,5,80,3909.03,DOS
3.947,TCP,34326.44,3529.62,3855,9.82,1033,281,4,7,80,976.68,DOS
0.497,TCP,35091.26,1386.61,985,37.03,2163,147,0,2,443,1981.06,DOS
22.03,TCP,3569.65,8889.11,83,150.11,1,8,1,1,443,3.77,BENIGN
2.275,TCP,18255.02,211.72,4447,4.15,1881,222,4,2,443,1954.84,DOS
2.957,TCP,605.93,335.52,166,5.67,135,2,1,33,51788,56.15,PORT_SCAN
22.692,TCP,343885.13,7885.23,6197,56.76,9,2453,1,2,443,273.09,DATA_EXFILTRATION
71.178,TCP,2513.23,2273.59,144,33.24,14,51,31,1,23,2.02,BRUTE_FORCE
0.275,TCP,35034.3,1905.02,3970,9.3,1990,272,1,2,443,14416.3,DOS
35.132,TCP,1135.8,874.11,432,4.65,13,20,39,2,22,12.3,BRUTE_FORCE
51.76,TCP,1940.47,752.72,147,18.32,7,39,51,2,3389,2.84,BRUTE_FORCE
3.432,TCP,222.26,343.91,111,5.1,62,7,1,41,22863,32.34,PORT_SCAN
0.955,TCP,775.87,258.22,165,6.27,167,12,0,76,4390,172.73,PORT_SCAN
23.445,TCP,2250.5,10317.32,13,966.76,2,12,0,3,123,0.55,BENIGN
2.296,TCP,301.95,208.51,217,2.35,88,0,2,27,17717,94.5,PORT_SCAN
149.447,TCP,855004.17,8051.72,8868,97.32,2,4698,1,2,22,59.34,DATA_EXFILTRATION
1.963,TCP,459.75,411.22,120,7.26,71,8,2,32,61573,61.13,PORT_SCAN
3.692,TCP,28082.95,3155.52,687,45.47,1136,116,1,2,443,186.1,DOS
2.388,TCP,6148.93,136.54,4326,1.45,2569,20,0,6,443,1811.25,DOS
2.746,TCP,14752.05,690.83,1485,10.4,1450,11,1,7,53,540.82,DOS
15.759,TCP,4544.72,5089.68,23,418.89,2,24,0,3,443,1.46,BENIGN
3.475,TCP,556.1,206.17,190,4.01,149,8,2,16,30697,54.68,PORT_SCAN
8.55,TCP,1680.2,2985.55,91,51.27,1,51,1,2,80,10.64,BENIGN
46.074,TCP,1433.18,1618.97,337,9.06,4,114,52,1,22,7.31,BRUTE_FORCE
84.961,TCP,1657.99,1525.39,421,7.56,3,24,11,3,21,4.96,BRUTE_FORCE
29.685,TCP,2824.25,10084.93,81,159.37,3,39,0,3,443,2.73,BENIGN
145.881,TCP,640856.12,5580.71,5361,120.58,5,1533,2,1,8443,36.75,DATA_EXFILTRATION
23.175,TCP,3836.69,5819.23,64,150.87,1,42,0,3,22,2.76,BENIGN
33.128,TCP,3650.05,121.31,489,7.71,5,43,40,3,21,14.76,BRUTE_FORCE
4.097,TCP,414.18,390.8,206,3.91,148,8,0,75,39888,50.28,PORT_SCAN
3.709,TCP,486.72,123.44,161,3.79,139,5,0,40,13014,43.41,PORT_SCAN
1.841,TCP,1280.06,1801.96,86,35.84,3,48,0,1,123,46.71,BENIGN
24.582,TCP,1660.16,9610.64,15,751.39,2,18,0,3,443,0.61,BENIGN
3.091,TCP,642.37,84.84,102,7.13,130,9,2,51,44733,33.0,PORT_SCAN
68.417,TCP,4773.36,2321.5,254,27.93,13,151,35,2,3389,3.71,BRUTE_FORCE
2.797,TCP,124.25,427.9,43,12.84,118,14,1,46,27345,15.38,PORT_SCAN
174.887,TCP,485882.11,3129.53,6528,74.91,4,2970,0,1,22,37.33,DATA_EXFILTRATION
0.298,TCP,5167.65,1691.29,2870,2.39,1809,92,2,1,80,9633.62,DOS
2.859,TCP,499.24,334.45,59,14.13,53,12,2,63,6428,20.64,PORT_SCAN
75.939,TCP,2978.74,1893.77,356,13.69,1,167,18,3,23,4.69,BRUTE_FORCE
139.016,TCP,953895.16,9800.27,5409,178.17,8,3689,0,2,22,38.91,DATA_EXFILTRATION
2.399,TCP,668.27,81.53,87,8.62,168,14,1,41,53707,36.27,PORT_SCAN
59.802,TCP,956097.9,5831.57,8312,115.73,0,3554,2,2,443,138.99,DATA_EXFILTRATION
2.699,TCP,613.84,30.48,169,3.81,102,11,1,70,27609,62.61,PORT_SCAN
4.576,TCP,907.37,417.96,86,15.41,121,8,1,55,41891,18.79,PORT_SCAN
5.433,TCP,4611.26,4162.51,58,151.27,0,55,0,1,22,10.67,BENIGN
10.197,TCP,4769.21,3561.92,64,130.17,2,54,0,4,123,6.28,BENIGN
16.685,TCP,2256.24,847.29,121,25.65,3,188,57,1,21,7.25,BRUTE_FORCE
13.653,TCP,3895.66,514.58,37,119.2,2,45,1,2,53,2.71,BENIGN
53.626,TCP,690775.41,7624.26,4511,154.82,0,2013,2,2,443,84.12,DATA_EXFILTRATION
1.978,TCP,11728.03,1815.0,4614,2.94,2180,252,0,3,443,2333.24,DOS
10.939,TCP,968.45,8169.32,98,93.24,3,35,0,4,443,8.96,BENIGN
52.975,TCP,889871.32,4884.07,2488,359.63,0,848,0,2,443,46.97,DATA_EXFILTRATION
79.235,TCP,2238.68,1248.15,130,26.82,5,92,34,3,23,1.64,BRUTE_FORCE
13.761,TCP,716.45,1191.51,35,54.51,2,8,1,3,22,2.54,BENIGN
24.935,TCP,4719.67,975.2,356,16.0,4,87,44,2,23,14.28,BRUTE_FORCE
154.182,TCP,883977.27,1941.01,7401,119.7,1,2883,2,1,443,48.0,DATA_EXFILTRATION
92.484,TCP,747327.69,7703.43,2791,270.52,8,1813,1,2,443,30.18,DATA_EXFILTRATION
1.69,TCP,808.43,479.69,172,7.49,160,13,0,21,50900,101.8,PORT_SCAN
22.61,TCP,3187.06,10228.46,47,285.44,0,48,1,1,53,2.08,BENIGN
93.811,TCP,299162.16,6140.33,8283,36.86,0,440,0,1,22,88.3,DATA_EXFILTRATION
18.772,TCP,2214.23,1567.3,496,7.62,7,142,13,3,21,26.42,BRUTE_FORCE
25.271,TCP,3237.35,615.66,145,26.57,13,77,18,3,21,5.74,BRUTE_FORCE
6.492,TCP,1501.63,11576.04,23,568.59,0,40,1,1,22,3.54,BENIGN
27.876,TCP,4670.62,4758.75,78,120.89,1,16,0,4,443,2.8,BENIGN
4.45,TCP,4592.56,3926.24,91,93.61,2,5,0,4,443,20.45,BENIGN
10.211,TCP,482.73,455.03,74,12.67,1,23,0,3,53,7.25,BENIGN
2.43,TCP,7496.87,926.23,3761,2.24,567,272,1,4,80,1547.46,DOS
92.171,TCP,152910.7,8977.58,8882,18.23,8,1906,1,1,443,96.36,DATA_EXFILTRATION
179.882,TCP,620697.02,8182.82,1856,338.84,7,1948,2,2,22,10.32,DATA_EXFILTRATION
5.465,TCP,2171.72,7474.06,88,109.61,3,18,1,3,53,16.1,BENIGN
18.49,TCP,2121.6,4552.79,93,71.77,1,7,1,4,123,5.03,BENIGN
20.641,TCP,245.08,4876.13,71,72.13,3,37,1,2,80,3.44,BENIGN
2.319,TCP,26374.89,2705.12,2349,12.38,295,86,4,4,53,1012.87,DOS
50.478,TCP,953.65,2010.65,498,5.95,2,117,34,2,21,9.87,BRUTE_FORCE
27.473,TCP,4427.38,1849.29,449,13.98,3,193,36,2,22,16.34,BRUTE_FORCE
160.928,TCP,506605.42,3198.63,8833,57.72,6,4838,2,1,22,54.89,DATA_EXFILTRATION
107.003,TCP,136474.33,2149.68,3870,35.82,6,2920,1,2,22,36.17,DATA_EXFILTRATION
3.153,TCP,449.08,204.3,126,5.19,168,4,0,42,65342,39.96,PORT_SCAN
1.001,TCP,207.47,41.58,74,3.37,159,3,2,42,2618,73.95,PORT_SCAN
14.731,TCP,1408.18,4045.67,56,97.39,2,51,0,2,53,3.8,BENIGN
81.729,TCP,1203.23,2738.4,498,7.91,4,124,59,3,23,6.09,BRUTE_FORCE
39.702,TCP,735.27,2253.22,151,19.79,3,132,21,3,3389,3.8,BRUTE_FORCE
2.099,TCP,20603.86,4214.1,2193,11.32,2281,135,1,2,443,1044.63,DOS
89.895,TCP,961851.09,5337.49,4919,196.62,4,4240,2,2,8443,54.72,DATA_EXFILTRATION
0.431,TCP,536.63,144.11,45,15.13,126,5,0,40,61409,104.44,PORT_SCAN
0.495,TCP,33172.2,4387.01,2882,13.03,1151,9,0,4,443,5819.54,DOS
139.893,TCP,260243.47,5050.68,7557,35.11,2,2867,0,1,22,54.02,DATA_EXFILTRATION
0.124,TCP,743.02,475.46,98,12.43,141,3,1,30,31853,791.59,PORT_SCAN
0.923,TCP,753.77,396.66,97,11.86,41,2,1,48,58516,105.1,PORT_SCAN
3.071,TCP,941.87,185.43,248,4.55,109,9,0,29,11128,80.76,PORT_SCAN
0.95,TCP,38381.94,1265.76,4450,8.91,2943,187,1,7,80,4684.93,DOS
4.408,TCP,393.14,10033.02,94,110.92,0,43,1,1,123,21.33,BENIGN
2.509,TCP,815.53,449.68,163,7.76,31,11,1,40,30623,64.97,PORT_SCAN
2.365,TCP,360.55,166.63,198,2.66,60,12,1,17,9827,83.72,PORT_SCAN
0.341,TCP,5483.92,702.56,4199,1.47,552,4,4,4,443,12310.23,DOS
27.399,TCP,1092.36,6550.74,56,136.48,2,46,1,3,22,2.04,BENIGN
3.795,TCP,4522.75,5523.74,71,141.5,0,43,0,4,443,18.71,BENIGN
96.823,TCP,347125.6,4533.28,3977,88.42,9,2689,1,1,22,41.08,DATA_EXFILTRATION
0.98,TCP,27353.2,3676.11,655,47.37,687,121,1,1,53,668.34,DOS
1.779,TCP,20471.29,3852.62,1678,14.5,2253,84,1,4,80,943.13,DOS
70.956,TCP,1132.03,990.45,450,4.72,7,70,24,2,22,6.34,BRUTE_FORCE
23.455,TCP,3389.03,4070.29,75,99.46,3,49,1,3,80,3.2,BENIGN
3.247,TCP,705.88,491.83,66,18.15,85,9,1,30,60511,20.33,PORT_SCAN
53.587,TCP,211497.58,2077.96,5254,40.65,6,980,0,2,22,98.05,DATA_EXFILTRATION
0.348,TCP,874.05,166.78,51,20.41,119,8,2,54,8408,146.71,PORT_SCAN
0.485,TCP,49150.04,962.61,2672,18.75,658,132,0,5,443,5507.75,DOS
61.1,TCP,1619.96,156.28,495,3.59,6,91,35,2,22,8.1,BRUTE_FORCE
0.866,TCP,148.94,499.89,198,3.28,92,4,2,31,31613,228.68,PORT_SCAN
2.118,TCP,40720.95,1571.22,2384,17.74,685,100,1,3,443,1125.42,DOS
1.487,TCP,41858.55,3258.57,640,70.5,324,254,0,6,53,430.47,DOS
1.596,TCP,40863.71,3941.36,736,60.88,1189,80,3,6,80,461.09,DOS
3.779,TCP,7095.25,3824.35,2028,5.38,2237,232,4,3,443,536.61,DOS
2.479,TCP,13917.71,4489.08,3952,4.66,651,168,4,7,53,1594.06,DOS
32.051,TCP,924.03,653.11,427,3.69,9,25,40,1,22,13.32,BRUTE_FORCE
1.009,TCP,28715.99,1194.88,2141,13.97,208,207,3,5,443,2121.77,DOS
73.875,TCP,4588.78,2220.3,401,16.98,9,29,30,1,23,5.43,BRUTE_FORCE
2.14,TCP,7750.82,4182.9,2930,4.07,179,210,0,6,53,1369.0,DOS
0.989,TCP,553.14,359.21,50,18.25,112,14,0,34,55338,50.53,PORT_SCAN
4.947,TCP,192.62,418.74,237,2.58,28,4,1,21,58086,47.91,PORT_SCAN
85.968,TCP,3510.67,1686.78,270,19.25,7,137,51,1,3389,3.14,BRUTE_FORCE
3.035,TCP,20522.83,885.34,560,38.23,2031,271,2,1,443,184.51,DOS
21.73,TCP,2443.85,923.62,445,7.57,2,93,34,1,21,20.48,BRUTE_FORCE
1.24,TCP,844.81,90.0,34,27.49,56,13,1,79,14099,27.41,PORT_SCAN
2.716,TCP,783.27,201.86,93,10.59,114,3,2,34,34208,34.24,PORT_SCAN
3.644,TCP,543.77,196.75,102,7.26,28,11,0,39,12650,27.99,PORT_SCAN
8.852,TCP,3578.53,11764.44,76,201.88,2,31,0,1,22,8.59,BENIGN
20.206,TCP,575463.24,1199.31,9222,62.53,9,2993,0,1,22,456.39,DATA_EXFILTRATION
0.576,TCP,38602.62,2150.8,2855,14.27,144,87,2,1,80,4953.32,DOS
76.338,TCP,3173.43,810.08,176,22.63,11,32,12,2,3389,2.31,BRUTE_FORCE
1.779,TCP,30417.28,779.67,4878,6.4,950,32,1,7,80,2742.66,DOS
33.953,TCP,713.23,171.86,67,13.21,7,154,53,1,21,1.97,BRUTE_FORCE
19.402,TCP,1782.13,5102.54,89,77.36,3,57,1,3,443,4.59,BENIGN
4.757,TCP,837.69,153.06,215,4.61,28,8,2,57,61410,45.19,PORT_SCAN
21.456,TCP,1609.14,676.97,163,14.03,4,84,42,2,22,7.6,BRUTE_FORCE
63.475,TCP,3022.94,2666.97,143,39.79,10,184,41,1,21,2.25,BRUTE_FORCE
1.311,TCP,1124.38,6348.55,49,152.51,0,42,0,2,123,37.37,BENIGN
1.763,TCP,23523.99,1629.68,1849,13.6,1044,112,3,1,80,1048.63,DOS
100.6,TCP,590802.81,7486.73,2290,261.26,6,4199,1,1,443,22.76,DATA_EXFILTRATION
3.065,TCP,16036.96,515.4,2945,5.62,1300,287,3,7,53,960.98,DOS
0.886,TCP,629.89,399.62,234,4.4,151,2,0,74,35976,264.21,PORT_SCAN
3.876,TCP,48533.6,280.32,3910,12.48,1209,87,3,3,53,1008.73,DOS
3.289,TCP,36081.72,749.01,1266,29.09,431,269,3,1,443,384.92,DOS
2.91,TCP,8943.03,4978.08,4378,3.18,2983,54,2,1,53,1504.72,DOS
17.217,TCP,1589.36,466.73,38,54.11,1,58,0,2,443,2.21,BENIGN
4.373,TCP,622.01,84.22,129,5.47,131,14,2,21,15567,29.5,PORT_SCAN
0.722,TCP,25662.97,933.61,3384,7.86,157,295,0,3,53,4684.32,DOS
85.532,TCP,1737.37,175.98,85,22.51,4,101,27,1,22,0.99,BRUTE_FORCE
14.163,TCP,1314.41,2916.28,99,42.73,2,50,1,4,53,6.99,BENIGN
4.742,TCP,846.4,7624.17,52,162.9,1,10,1,3,80,10.97,BENIGN
2.806,TCP,251.15,413.34,179,3.71,99,2,0,55,44761,63.79,PORT_SCAN
85.005,TCP,4560.36,159.28,85,55.53,12,66,31,2,3389,1.0,BRUTE_FORCE
3.421,TCP,823.75,132.92,241,3.97,64,5,2,51,17341,70.45,PORT_SCAN
166.662,TCP,380244.47,6776.26,6025,64.24,9,3185,2,2,8443,36.15,DATA_EXFILTRATION
0.223,TCP,299.27,242.59,222,2.44,24,12,1,54,44453,996.87,PORT_SCAN
41.239,TCP,2880.38,197.1,73,42.16,6,112,32,2,22,1.77,BRUTE_FORCE
37.096,TCP,1526.36,647.46,490,4.44,11,82,57,1,21,13.21,BRUTE_FORCE
58.942,TCP,970796.8,4124.65,5498,177.32,0,2664,0,1,8443,93.28,DATA_EXFILTRATION
48.445,TCP,1669.09,800.32,203,12.16,4,80,27,1,23,4.19,BRUTE_FORCE
50.744,TCP,591.66,1558.83,85,25.3,12,156,44,1,3389,1.68,BRUTE_FORCE
179.923,TCP,414174.35,2821.83,9017,46.25,2,2074,0,1,8443,50.12,DATA_EXFILTRATION
41.143,TCP,911725.0,5694.76,5220,175.75,2,3195,2,1,443,126.87,DATA_EXFILTRATION
28.261,TCP,4451.15,9350.57,36,383.38,2,17,0,2,443,1.27,BENIGN
2.102,TCP,45826.78,3331.99,3069,16.02,1248,267,2,6,443,1460.36,DOS
1.868,TCP,217.54,244.39,105,4.4,82,10,0,74,49268,56.21,PORT_SCAN
1.187,TCP,7895.7,1816.13,3278,2.96,610,68,3,2,53,2761.46,DOS
0.332,TCP,322.26,87.1,76,5.39,90,10,1,50,34201,228.83,PORT_SCAN
5.417,TCP,3511.97,5409.26,20,446.06,1,15,0,3,22,3.69,BENIGN
3.847,TCP,9715.9,2692.15,2984,4.16,890,187,1,4,443,775.74,DOS
4.14,TCP,929.4,116.65,163,6.42,168,7,0,34,60617,39.38,PORT_SCAN
0.47,TCP,48796.52,4334.28,2438,21.79,980,22,3,6,443,5184.99,DOS
75.267,TCP,1294.07,250.23,352,4.39,11,70,26,1,22,4.68,BRUTE_FORCE
158.216,TCP,562328.76,2914.45,7572,74.65,6,2095,1,1,22,47.86,DATA_EXFILTRATION
45.717,TCP,119487.59,9497.1,4732,27.26,9,1409,2,1,443,103.51,DATA_EXFILTRATION
92.205,TCP,138826.88,537.49,3373,41.32,9,846,2,1,8443,36.58,DATA_EXFILTRATION
16.558,TCP,4830.54,11566.6,80,204.96,3,51,0,4,443,4.83,BENIGN
25.766,TCP,1678.86,6580.13,71,116.32,1,27,1,4,80,2.76,BENIGN
1.212,TCP,1462.31,8466.1,54,183.86,2,43,1,4,22,44.55,BENIGN
3.959,TCP,27206.22,1842.04,2860,10.16,897,211,4,2,80,722.38,DOS
53.339,TCP,1079.95,2097.8,379,8.38,14,42,30,1,3389,7.11,BRUTE_FORCE
3.032,TCP,6672.23,2813.43,4647,2.04,1770,150,1,1,53,1532.47,DOS
17.851,TCP,1799.66,7131.89,33,270.65,0,9,1,2,443,1.85,BENIGN
1.641,TCP,785.24,387.08,191,6.14,155,7,2,26,28465,116.36,PORT_SCAN
22.561,TCP,4002.36,2414.22,400,16.04,11,111,9,2,22,17.73,BRUTE_FORCE
105.342,TCP,726055.93,2357.19,5628,129.43,4,2086,1,2,443,53.43,DATA_EXFILTRATION
107.768,TCP,636922.41,4134.98,7844,81.73,7,4269,2,2,22,72.79,DATA_EXFILTRATION
26.898,TCP,1078.65,1202.0,98,23.27,9,178,26,3,23,3.64,BRUTE_FORCE
175.733,TCP,733435.97,3200.84,6604,111.54,2,1874,0,2,22,37.58,DATA_EXFILTRATION
1.496,TCP,798.18,323.53,89,12.6,168,14,2,62,2776,59.51,PORT_SCAN
1.738,TCP,207.69,236.52,49,9.07,84,12,2,56,58531,28.19,PORT_SCAN
0.701,TCP,17963.69,2598.95,3589,5.73,2526,104,0,3,443,5122.83,DOS
22.911,TCP,1361.37,9938.8,97,116.5,3,11,1,1,22,4.23,BENIGN
20.623,TCP,423.79,112.7,5,107.3,0,36,1,4,22,0.24,BENIGN
1.107,TCP,29869.76,1275.07,3054,10.2,1241,190,3,7,53,2759.42,DOS
144.68,TCP,997000.33,5522.56,4928,203.43,3,4153,1,2,443,34.06,DATA_EXFILTRATION
18.007,TCP,2517.12,1100.97,30,120.6,0,50,1,4,22,1.67,BENIGN
134.295,TCP,623624.37,6502.11,2384,264.31,5,2588,2,2,443,17.75,DATA_EXFILTRATION
4.086,TCP,4995.61,8021.65,17,765.72,2,37,0,3,123,4.16,BENIGN
0.557,TCP,13781.49,3221.83,3010,5.65,939,173,0,4,80,5406.14,DOS
2.422,TCP,987.3,65.03,161,6.54,85,9,2,21,18616,66.47,PORT_SCAN
58.941,TCP,4936.34,1996.56,355,19.53,13,53,45,3,21,6.02,BRUTE_FORCE
3.09,TCP,4225.77,761.26,12,415.59,1,34,0,2,53,3.88,BENIGN
0.255,TCP,186.95,314.82,206,2.44,57,11,1,18,23018,808.64,PORT_SCAN
1.649,TCP,25192.92,1938.06,3239,8.38,209,100,1,1,80,1964.54,DOS
9.83,TCP,2809.2,1254.04,82,49.55,3,44,1,2,443,8.34,BENIGN
2.228,TCP,4432.31,8543.98,44,294.92,0,22,0,4,53,19.75,BENIGN
106.055,TCP,255877.38,6177.56,8195,31.98,5,3708,2,2,8443,77.27,DATA_EXFILTRATION
3.642,TCP,38567.5,3440.82,1339,31.37,243,104,0,3,443,367.68,DOS
45.372,TCP,3673.58,2531.14,456,13.61,8,118,44,1,23,10.05,BRUTE_FORCE
2.414,TCP,826.94,377.91,44,27.38,74,9,2,52,55944,18.23,PORT_SCAN
88.072,TCP,3580.37,627.02,188,22.38,1,154,25,2,21,2.13,BRUTE_FORCE
19.928,TCP,4961.01,11993.12,8,2119.27,2,7,0,3,22,0.4,BENIGN
1.921,TCP,229.39,113.84,154,2.23,85,6,1,63,56479,80.18,PORT_SCAN
16.825,TCP,2763.13,10797.17,25,542.41,3,26,1,4,443,1.49,BENIGN
0.889,TCP,690.44,48.8,67,11.03,114,3,2,41,38544,75.36,PORT_SCAN
78.332,TCP,663373.88,5079.57,4058,164.72,8,4770,1,1,443,51.81,DATA_EXFILTRATION
49.639,TCP,2103.43,1725.74,470,8.15,7,121,43,1,23,9.47,BRUTE_FORCE
5.508,TCP,4384.14,3470.64,10,785.48,2,15,1,3,22,1.82,BENIGN
53.068,TCP,639.88,2196.51,215,13.19,8,71,22,1,22,4.05,BRUTE_FORCE
156.653,TCP,816460.39,1433.7,6318,129.45,9,789,0,2,8443,40.33,DATA_EXFILTRATION
1.664,TCP,31761.62,2237.61,2326,14.62,1779,53,2,2,53,1397.86,DOS
0.124,TCP,25475.98,3128.56,4042,7.08,1435,2,0,4,443,32475.32,DOS
75.261,TCP,3756.02,2620.37,55,115.93,13,138,25,1,23,0.73,BRUTE_FORCE
43.223,TCP,1730.71,145.18,172,10.91,3,33,24,2,21,3.98,BRUTE_FORCE
162.769,TCP,322013.67,9268.42,7310,45.32,5,3372,0,1,22,44.91,DATA_EXFILTRATION
176.677,TCP,210155.62,4855.61,8959,24.0,4,2242,0,1,8443,50.71,DATA_EXFILTRATION
2.359,TCP,5424.61,2892.22,1589,5.23,1937,203,4,1,443,673.53,DOS
10.591,TCP,4658.88,677.97,52,102.63,1,51,1,1,53,4.91,BENIGN
0.877,TCP,15153.71,3917.78,2143,8.9,929,165,0,2,80,2442.83,DOS
2.35,TCP,23538.86,2379.0,2807,9.23,704,230,4,3,53,1194.69,DOS
22.527,TCP,2994.65,7875.93,7,1552.94,1,51,0,2,80,0.31,BENIGN
1.921,TCP,93.38,397.73,113,4.35,89,8,1,64,16080,58.81,PORT_SCAN
13.27,TCP,1916.1,2645.95,353,12.92,13,121,13,3,22,26.6,BRUTE_FORCE
115.612,TCP,265858.36,8542.13,7601,36.1,5,1380,1,1,443,65.75,DATA_EXFILTRATION
24.226,TCP,3009.04,9413.23,99,125.48,3,55,1,1,80,4.09,BENIGN
35.647,TCP,4839.27,1903.25,160,42.14,4,151,31,1,3389,4.49,BRUTE_FORCE
1.412,TCP,31566.61,2582.39,2057,16.6,530,125,2,2,443,1456.98,DOS
3.647,TCP,15077.05,1622.63,4098,4.08,565,73,1,2,80,1123.63,DOS
23.84,TCP,1007.38,6789.83,35,222.78,0,26,1,2,123,1.47,BENIGN
37.415,TCP,3420.96,1543.32,409,12.14,2,84,11,3,21,10.93,BRUTE_FORCE
3.202,TCP,39973.08,4357.13,1591,27.86,949,159,2,5,80,496.9,DOS
165.974,TCP,356106.76,2590.96,8323,43.1,4,2079,1,2,443,50.15,DATA_EXFILTRATION
27.816,TCP,4130.66,539.95,10,467.06,1,57,0,2,53,0.36,BENIGN
55.42,TCP,1119.0,1735.81,149,19.16,1,149,30,1,22,2.69,BRUTE_FORCE
4.62,TCP,133.37,74.73,158,1.32,168,9,2,37,20625,34.2,PORT_SCAN
2.207,TCP,460.89,141.46,200,3.01,144,9,2,52,24793,90.63,PORT_SCAN
52.514,TCP,3137.49,1579.48,366,12.89,1,129,33,1,22,6.97,BRUTE_FORCE
1.33,TCP,41670.6,3769.25,1036,43.86,2036,175,4,1,443,779.11,DOS
3.161,TCP,16290.93,3192.04,3406,5.72,545,234,1,7,53,1077.55,DOS
1.509,TCP,5047.34,4812.9,3485,2.83,1693,4,2,4,443,2309.34,DOS
10.222,TCP,2572.18,10512.56,80,163.56,3,32,0,2,53,7.83,BENIGN
4.51,TCP,375.52,38.71,154,2.69,99,8,0,76,15628,34.14,PORT_SCAN
0.745,TCP,14941.75,1083.27,1057,15.16,102,4,2,4,80,1419.54,DOS
12.44,TCP,3715.21,3163.68,36,191.08,3,12,1,3,22,2.89,BENIGN
29.125,TCP,4924.43,3529.92,83,101.86,2,58,1,3,80,2.85,BENIGN
23.573,TCP,1053.73,5653.98,52,128.99,0,33,0,3,22,2.21,BENIGN
78.174,TCP,4245.65,2217.77,234,27.62,12,165,56,2,22,2.99,BRUTE_FORCE
16.909,TCP,4453.12,2780.44,242,29.89,12,150,37,1,23,14.31,BRUTE_FORCE
7.745,TCP,1900.81,4460.07,75,84.81,1,26,0,1,22,9.68,BENIGN
4.975,TCP,879.27,447.15,65,20.41,70,1,1,63,17569,13.07,PORT_SCAN
119.195,TCP,770222.05,5192.25,6035,128.49,6,693,0,2,22,50.63,DATA_EXFILTRATION
0.619,TCP,264.49,423.53,181,3.8,83,13,1,51,16121,292.35,PORT_SCAN
122.412,TCP,259540.37,853.46,2090,124.59,7,799,0,2,443,17.07,DATA_EXFILTRATION
2.922,TCP,43453.71,2059.76,2222,20.48,2038,125,2,2,443,760.51,DOS
3.522,TCP,33328.25,3211.54,1968,18.57,1866,236,2,4,80,558.69,DOS
1.246,TCP,19979.72,3384.79,1819,12.84,532,77,4,2,443,1460.01,DOS
12.499,TCP,3606.84,1361.75,84,59.15,6,197,20,2,23,6.72,BRUTE_FORCE
3.714,TCP,118.26,267.53,177,2.18,97,7,2,36,32342,47.66,PORT_SCAN
2.28,TCP,569.64,90.44,204,3.24,73,1,2,27,1064,89.47,PORT_SCAN
3.089,TCP,45141.78,2773.64,883,54.26,406,72,2,4,53,285.87,DOS
2.782,TCP,582.74,262.64,156,5.42,121,6,1,59,49097,56.08,PORT_SCAN
22.852,TCP,4417.08,3409.55,50,156.53,0,58,0,2,443,2.19,BENIGN
15.737,TCP,2498.56,4063.82,43,152.61,1,33,1,2,123,2.73,BENIGN
52.975,TCP,405128.75,6468.19,1387,296.75,0,174,0,1,443,26.18,DATA_EXFILTRATION
80.318,TCP,2015.02,2069.32,364,11.22,11,67,25,3,3389,4.53,BRUTE_FORCE
65.954,TCP,2679.42,2764.51,486,11.2,12,137,13,3,21,7.37,BRUTE_FORCE
39.766,TCP,823.26,738.38,110,14.2,7,31,59,2,3389,2.77,BRUTE_FORCE
23.591,TCP,759.31,6479.21,35,206.81,2,58,1,4,443,1.48,BENIGN
2.343,TCP,8656.91,2229.56,1760,6.19,629,295,4,1,443,751.3,DOS
86.176,TCP,1912.49,1509.86,332,10.31,11,147,20,3,23,3.85,BRUTE_FORCE
1.298,TCP,13165.45,1018.9,2509,5.65,1489,203,4,4,53,1933.67,DOS
1.445,TCP,32685.35,1168.93,2841,11.92,2022,78,3,5,80,1965.96,DOS
0.63,TCP,278.24,151.47,211,2.04,25,5,0,32,12645,334.7,PORT_SCAN
147.356,TCP,960385.84,1741.37,4332,222.1,8,1347,2,2,22,29.4,DATA_EXFILTRATION
25.911,TCP,4571.66,2624.55,37,194.49,1,52,1,3,123,1.43,BENIGN
1.51,TCP,695.19,45.95,223,3.32,172,14,2,75,48435,147.66,PORT_SCAN
97.875,TCP,303576.31,3243.61,6110,50.22,1,1733,2,1,443,62.43,DATA_EXFILTRATION
62.837,TCP,2437.26,731.73,439,7.22,13,51,25,1,3389,6.99,BRUTE_FORCE
3.016,TCP,991.68,143.66,117,9.7,50,7,0,40,36389,38.79,PORT_SCAN
102.067,TCP,175244.85,3103.64,4528,39.39,9,1603,2,2,443,44.36,DATA_EXFILTRATION
92.876,TCP,206972.19,5907.15,5771,36.89,1,2598,0,1,8443,62.14,DATA_EXFILTRATION
2.521,TCP,335.26,249.07,199,2.94,77,11,0,62,3013,78.94,PORT_SCAN
6.126,TCP,4297.41,9126.38,51,263.21,2,40,0,2,22,8.32,BENIGN
82.593,TCP,929.68,2164.8,72,42.98,11,126,55,2,23,0.87,BRUTE_FORCE
21.134,TCP,2947.47,2477.33,87,62.35,3,2,1,1,22,4.12,BENIGN
2.149,TCP,41030.23,3016.39,2633,16.73,2370,240,3,5,53,1224.97,DOS
1.358,TCP,13492.96,3663.81,1847,9.29,1458,100,0,1,53,1359.85,DOS
73.192,TCP,790.06,836.28,222,7.33,4,46,59,1,23,3.03,BRUTE_FORCE
1.971,TCP,15966.35,1254.72,2042,8.43,126,3,1,1,80,1035.96,DOS
74.867,TCP,210844.53,7357.0,5935,36.77,5,4581,0,1,8443,79.27,DATA_EXFILTRATION
1.092,TCP,562.47,251.06,214,3.8,111,0,0,46,26494,196.01,PORT_SCAN
1.802,TCP,16230.07,2204.17,2531,7.28,2053,15,1,6,53,1404.16,DOS
0.761,TCP,44527.23,3579.82,4953,9.71,1759,102,4,4,80,6512.38,DOS
1.8,TCP,20502.72,3791.22,1438,16.89,1674,297,1,5,80,798.86,DOS
70.794,TCP,3629.98,503.11,404,10.23,12,196,43,2,21,5.71,BRUTE_FORCE
2.917,TCP,17769.11,445.4,2642,6.89,2081,70,0,4,53,905.87,DOS
25.77,TCP,511604.5,6775.05,1848,280.51,8,2516,1,1,22,71.71,DATA_EXFILTRATION
2.347,TCP,28117.33,2816.8,4711,6.57,832,141,3,4,80,2007.62,DOS
19.385,TCP,618.9,1770.04,76,31.43,1,1,1,1,443,3.92,BENIGN
20.368,TCP,733.88,3374.32,77,53.35,0,17,0,2,22,3.78,BENIGN
28.163,TCP,1020.73,1377.02,60,39.96,1,32,1,1,443,2.13,BENIGN
2.046,TCP,44879.82,1430.05,4713,9.83,2348,257,3,7,80,2303.16,DOS
108.02,TCP,791935.56,3289.12,1050,757.36,7,2042,0,2,443,9.72,DATA_EXFILTRATION
66.622,TCP,516539.02,7204.51,1807,289.84,8,1889,1,1,22,27.12,DATA_EXFILTRATION
110.408,TCP,231342.12,5342.62,6701,35.32,1,4283,1,1,443,60.69,DATA_EXFILTRATION
0.579,TCP,18362.24,523.59,2753,6.86,1340,131,0,1,443,4755.88,DOS
179.978,TCP,792406.41,5604.84,3882,205.57,2,923,0,2,8443,21.57,DATA_EXFILTRATION
3.367,TCP,498.2,174.36,186,3.62,33,13,0,57,734,55.23,PORT_SCAN
5.794,TCP,1340.95,2007.71,15,223.24,3,23,1,3,22,2.59,BENIGN
84.849,TCP,3309.63,1480.15,240,19.96,9,161,29,2,22,2.83,BRUTE_FORCE
51.751,TCP,1386.41,321.45,331,5.16,3,183,10,2,21,6.4,BRUTE_FORCE
0.262,TCP,27776.67,3150.89,3019,10.24,989,31,2,2,443,11504.89,DOS
3.588,TCP,585.35,257.89,134,6.29,28,6,1,68,56694,37.34,PORT_SCAN
16.789,TCP,2801.89,1407.14,121,34.79,11,133,32,2,22,7.21,BRUTE_FORCE
161.924,TCP,933928.95,6771.67,682,1379.33,1,2083,0,1,443,4.21,DATA_EXFILTRATION
35.73,TCP,4224.83,2335.35,324,20.25,8,81,47,1,22,9.07,BRUTE_FORCE
75.711,TCP,675466.29,5440.49,4604,147.89,1,4729,2,2,8443,60.81,DATA_EXFILTRATION
148.995,TCP,529296.87,2326.7,8922,59.59,8,154,1,1,443,59.88,DATA_EXFILTRATION
33.961,TCP,1544.36,1898.09,78,44.13,12,148,10,1,3389,2.3,BRUTE_FORCE
87.523,TCP,741592.65,7771.95,4307,173.99,0,3982,2,2,22,49.21,DATA_EXFILTRATION
47.467,TCP,3179.95,2765.74,263,22.61,6,86,53,3,21,5.54,BRUTE_FORCE
1.488,TCP,26714.19,4628.21,1454,21.56,1680,142,2,5,53,977.0,DOS
8.71,TCP,4848.96,9367.14,29,490.21,2,47,0,3,80,3.33,BENIGN
2.374,TCP,777.21,11034.0,13,908.55,0,56,0,4,53,5.48,BENIGN
3.906,TCP,819.99,361.62,40,29.54,36,12,1,55,39544,10.24,PORT_SCAN
1.611,TCP,170.91,284.12,212,2.15,132,2,0,42,31530,131.61,PORT_SCAN
74.576,TCP,613484.21,8969.97,8565,72.67,6,3231,1,2,8443,114.85,DATA_EXFILTRATION
0.45,TCP,12860.78,4670.46,3900,4.5,816,184,3,7,80,8671.72,DOS
133.347,TCP,227133.53,3123.23,3662,62.88,6,2905,1,2,22,27.46,DATA_EXFILTRATION
11.247,TCP,3958.57,10002.23,91,153.42,3,56,0,2,80,8.09,BENIGN
9.252,TCP,4495.28,2897.66,58,127.46,1,53,1,2,443,6.27,BENIGN
27.597,TCP,133166.39,4232.38,9692,14.18,9,4105,2,2,8443,351.2,DATA_EXFILTRATION
50.893,TCP,248913.67,6070.34,3842,66.37,4,947,1,1,22,75.49,DATA_EXFILTRATION
75.77,TCP,1474.9,2433.18,277,14.11,8,136,22,3,21,3.66,BRUTE_FORCE
8.082,TCP,4572.09,11094.11,35,447.61,3,56,1,1,22,4.33,BENIGN
0.463,TCP,474.5,216.34,125,5.53,33,14,0,36,28899,270.01,PORT_SCAN
3.304,TCP,724.5,363.74,164,6.64,160,2,1,68,18233,49.63,PORT_SCAN
3.612,TCP,493.18,193.42,52,13.2,156,0,1,32,14014,14.4,PORT_SCAN
38.404,TCP,140887.68,8007.99,2971,50.12,4,2469,0,1,8443,77.36,DATA_EXFILTRATION
4.801,TCP,706.39,11137.99,12,987.03,1,58,0,1,443,2.5,BENIGN
23.993,TCP,1180.89,580.04,212,8.31,10,199,59,3,21,8.84,BRUTE_FORCE
165.579,TCP,710099.22,3513.86,8153,87.53,6,217,2,1,8443,49.24,DATA_EXFILTRATION
43.546,TCP,709619.17,4259.78,1251,570.65,2,4629,0,1,22,28.73,DATA_EXFILTRATION
86.75,TCP,3923.77,1958.74,76,77.4,10,124,25,3,23,0.88,BRUTE_FORCE
0.561,TCP,952.36,379.29,118,11.29,160,7,0,70,20982,210.45,PORT_SCAN
2.606,TCP,955.74,735.24,45,37.58,2,31,1,4,80,17.26,BENIGN
3.338,TCP,460.1,378.94,31,27.07,93,14,1,59,34424,9.29,PORT_SCAN
6.205,TCP,2126.48,5453.33,22,344.54,0,52,1,1,123,3.55,BENIGN
25.685,TCP,603558.44,7355.4,9480,64.44,2,1542,2,1,443,369.09,DATA_EXFILTRATION
28.479,TCP,1895.04,8888.28,42,256.75,1,53,1,1,22,1.47,BENIGN
11.493,TCP,529.48,1504.27,37,54.97,3,22,1,2,22,3.22,BENIGN
42.776,TCP,1318.74,2221.72,79,44.82,7,77,8,2,3389,1.85,BRUTE_FORCE
16.189,TCP,598.19,10018.16,15,707.76,0,24,1,3,53,0.93,BENIGN
22.716,TCP,4026.81,5945.96,26,383.57,3,16,0,3,123,1.14,BENIGN
48.677,TCP,2900.11,1039.1,479,8.22,2,134,42,2,21,9.84,BRUTE_FORCE
79.986,TCP,4622.26,2565.76,225,31.95,14,43,32,3,21,2.81,BRUTE_FORCE
80.06,TCP,1828.97,1333.73,200,15.81,14,133,57,3,23,2.5,BRUTE_FORCE
117.933,TCP,685146.6,7846.35,7450,93.02,3,3693,2,2,22,63.17,DATA_EXFILTRATION
0.173,TCP,32955.49,3170.61,4141,8.72,305,50,1,5,53,23927.36,DOS
82.327,TCP,177975.27,8466.98,2351,79.3,5,3923,1,1,22,28.56,DATA_EXFILTRATION
0.893,TCP,138.89,283.84,97,4.36,72,7,1,36,14537,108.6,PORT_SCAN
0.389,TCP,32427.0,800.06,3871,8.58,1530,129,1,1,80,9942.46,DOS
176.746,TCP,299099.25,4006.86,9877,30.69,4,294,0,1,8443,55.88,DATA_EXFILTRATION
4.807,TCP,735.74,460.57,64,18.69,177,5,1,38,41826,13.31,PORT_SCAN
156.693,TCP,617513.54,5201.51,7144,87.17,9,3173,2,2,22,45.59,DATA_EXFILTRATION
3.669,TCP,31338.95,4838.04,4775,7.58,2617,48,1,5,53,1301.31,DOS
77.008,TCP,441040.97,9477.47,2455,183.51,0,2680,0,1,22,31.88,DATA_EXFILTRATION
24.048,TCP,4204.81,3484.33,72,106.79,1,44,1,1,53,2.99,BENIGN
9.156,TCP,3331.17,8751.24,94,128.54,3,19,0,3,123,10.27,BENIGN
1.309,TCP,749.7,345.43,85,12.88,103,11,0,36,52115,64.94,PORT_SCAN
38.478,TCP,975754.59,9262.17,6073,162.2,3,2288,0,2,8443,157.83,DATA_EXFILTRATION
1.219,TCP,935.23,294.18,62,19.83,87,10,1,37,22453,50.87,PORT_SCAN
169.197,TCP,922188.38,8075.42,9424,98.71,1,1719,1,2,443,55.7,DATA_EXFILTRATION
2.68,TCP,211.48,412.75,96,6.5,113,4,0,25,60921,35.83,PORT_SCAN
29.258,TCP,495.6,7854.87,99,84.35,3,53,1,2,443,3.38,BENIGN
20.223,TCP,4782.55,3508.71,96,86.37,3,30,0,3,443,4.75,BENIGN
55.212,TCP,2967.19,826.77,415,9.14,7,193,12,1,23,7.52,BRUTE_FORCE
31.711,TCP,2109.19,1488.86,60,59.97,7,59,52,1,3389,1.89,BRUTE_FORCE
163.538,TCP,841035.33,2249.97,1885,447.37,0,4782,0,2,22,11.53,DATA_EXFILTRATION
1.991,TCP,237.11,145.71,97,3.95,120,4,1,30,22635,48.72,PORT_SCAN
0.239,TCP,580.74,155.62,198,3.72,115,3,1,22,60509,829.73,PORT_SCAN
3.458,TCP,35067.49,3835.77,4949,7.86,1792,84,4,5,80,1431.37,DOS
123.856,TCP,290651.02,671.07,4255,68.47,7,2680,1,1,22,34.35,DATA_EXFILTRATION
166.213,TCP,932903.98,3333.05,916,1022.09,8,4377,1,1,22,5.51,DATA_EXFILTRATION
80.963,TCP,2233.61,2989.87,325,16.07,3,27,34,3,22,4.01,BRUTE_FORCE
4.56,TCP,4172.45,1924.08,75,81.29,0,22,1,3,123,16.45,BENIGN
33.225,TCP,2479.34,2088.22,493,9.26,1,156,49,2,22,14.84,BRUTE_FORCE
77.788,TCP,692172.07,4195.95,9343,74.53,9,1072,1,2,8443,120.11,DATA_EXFILTRATION
5.259,TCP,4317.92,9895.18,57,249.35,2,27,1,1,53,10.84,BENIGN
139.257,TCP,827604.47,9879.73,6780,123.52,3,2238,2,1,8443,48.69,DATA_EXFILTRATION
134.708,TCP,529498.37,3237.98,9708,54.88,5,788,1,1,22,72.07,DATA_EXFILTRATION
0.624,TCP,49866.19,248.07,3162,15.85,1832,20,3,4,53,5066.63,DOS
36.093,TCP,1556.03,1240.43,207,13.51,11,126,32,1,23,5.74,BRUTE_FORCE
1.285,TCP,34845.71,1262.0,4272,8.45,1037,138,4,3,80,3325.0,DOS
48.373,TCP,832573.86,3858.01,8248,101.41,4,1947,1,1,8443,170.51,DATA_EXFILTRATION
108.914,TCP,242291.61,4368.89,3521,70.05,6,1547,1,2,8443,32.33,DATA_EXFILTRATION
1.776,TCP,14392.71,325.72,1923,7.65,1441,141,4,7,53,1083.04,DOS
16.56,TCP,2229.36,1667.88,39,99.93,0,11,1,1,443,2.36,BENIGN
2.47,TCP,35061.58,4578.9,1256,31.56,1204,71,3,1,443,508.43,DOS
0.904,TCP,26823.21,3611.66,2129,14.3,931,158,3,7,443,2356.02,DOS
89.213,TCP,285100.35,5757.28,1659,175.32,7,2343,2,1,443,18.6,DATA_EXFILTRATION
0.662,TCP,44854.83,1905.49,1653,28.29,244,219,1,7,53,2498.06,DOS
2.314,TCP,49948.85,227.04,898,55.88,100,118,1,7,443,388.12,DOS
27.148,TCP,4924.39,11790.16,38,439.86,3,35,0,2,53,1.4,BENIGN
133.477,TCP,466993.66,1825.34,736,636.98,3,3999,0,1,443,5.51,DATA_EXFILTRATION
59.168,TCP,2729.91,1890.31,139,33.24,3,171,19,2,22,2.35,BRUTE_FORCE
73.521,TCP,901701.36,7337.03,9061,100.32,9,4296,2,2,22,123.24,DATA_EXFILTRATION
4.592,TCP,300.64,9350.38,96,100.53,1,52,1,4,443,20.9,BENIGN
58.754,TCP,1274.77,1675.72,414,7.13,11,115,35,2,3389,7.05,BRUTE_FORCE
128.361,TCP,154417.22,8868.04,6664,24.5,5,1197,2,1,443,51.92,DATA_EXFILTRATION
9.609,TCP,4749.4,11004.54,86,183.19,1,46,0,2,443,8.95,BENIGN
15.37,TCP,642.39,3103.99,17,220.38,1,19,1,2,123,1.11,BENIGN
0.43,TCP,934.89,79.44,51,19.89,51,11,2,69,6353,118.57,PORT_SCAN
11.462,TCP,370.83,4352.7,37,127.66,1,55,1,2,80,3.23,BENIGN
139.31,TCP,344408.83,2220.63,9799,35.37,3,1996,1,2,8443,70.34,DATA_EXFILTRATION
20.792,TCP,784.79,2478.91,81,40.29,0,48,1,4,22,3.9,BENIGN
35.322,TCP,820339.33,5170.29,1536,537.44,2,4267,1,1,22,43.49,DATA_EXFILTRATION
1.323,TCP,182.52,433.07,241,2.55,56,4,1,49,64936,182.11,PORT_SCAN
0.857,TCP,237.78,159.84,102,3.9,104,2,2,62,49842,119.07,PORT_SCAN
1.06,TCP,37471.07,1160.36,3138,12.31,2504,60,1,6,53,2961.13,DOS
160.07,TCP,306758.37,4798.83,4985,62.5,3,635,0,2,22,31.14,DATA_EXFILTRATION
3.832,TCP,18619.85,4932.19,1309,17.99,1197,284,0,6,80,341.55,DOS
147.465,TCP,515631.46,2663.54,4796,108.07,9,2058,0,1,22,32.52,DATA_EXFILTRATION
73.664,TCP,2485.47,712.46,258,12.4,3,24,52,3,23,3.5,BRUTE_FORCE
4.312,TCP,475.84,154.15,120,5.25,156,12,1,36,34781,27.83,PORT_SCAN
56.097,TCP,237810.8,7055.92,5344,45.82,4,144,2,1,22,95.26,DATA_EXFILTRATION
2.806,TCP,844.78,72.16,186,4.93,56,2,2,19,55563,66.3,PORT_SCAN
14.584,TCP,1371.26,637.56,5,401.76,1,6,1,1,22,0.34,BENIGN
2.368,TCP,835.09,348.25,107,11.06,122,14,1,47,17725,45.19,PORT_SCAN
64.605,TCP,3392.26,1992.62,81,66.48,9,27,57,3,23,1.25,BRUTE_FORCE
86.942,TCP,642861.13,9580.28,3194,204.27,5,2567,2,2,22,36.74,DATA_EXFILTRATION
157.077,TCP,226324.9,6048.21,3414,68.06,4,2262,0,2,443,21.73,DATA_EXFILTRATION
85.401,TCP,1936.28,842.22,441,6.3,14,35,45,2,21,5.16,BRUTE_FORCE
0.817,TCP,44565.72,825.36,4159,10.91,154,205,2,3,53,5092.43,DOS
1.889,TCP,712.42,305.26,157,6.48,53,13,1,61,57795,83.09,PORT_SCAN
163.831,TCP,769398.56,3656.32,7364,104.98,5,2759,1,1,443,44.95,DATA_EXFILTRATION
12.444,TCP,1663.75,7344.02,59,152.67,2,23,0,1,22,4.74,BENIGN
2.143,TCP,560.57,253.82,106,7.68,37,5,0,78,34579,49.47,PORT_SCAN
3.212,TCP,44670.34,3287.52,4983,9.62,1035,123,4,3,80,1551.48,DOS
115.952,TCP,325955.5,6315.09,9844,33.75,8,4072,0,2,443,84.9,DATA_EXFILTRATION
15.515,TCP,3170.03,2968.33,109,56.32,14,140,13,1,22,7.03,BRUTE_FORCE
1.373,TCP,178.46,76.13,203,1.25,36,1,1,29,23030,147.88,PORT_SCAN
5.002,TCP,3974.62,3320.52,50,145.9,3,14,1,2,53,10.0,BENIGN
29.765,TCP,4366.3,962.26,474,11.24,3,183,24,2,21,15.92,BRUTE_FORCE
11.993,TCP,2633.4,8926.43,67,172.53,2,32,1,4,443,5.59,BENIGN
1.676,TCP,13447.22,3805.9,1058,16.31,1032,225,2,6,443,631.25,DOS
1.079,TCP,12112.26,4229.54,4823,3.39,346,35,4,6,443,4468.85,DOS
3.493,TCP,963.83,2186.62,9,350.05,3,4,0,3,123,2.58,BENIGN
1.086,TCP,9165.15,2814.7,830,14.43,1878,225,3,4,443,764.24,DOS
3.926,TCP,941.59,369.62,244,5.37,90,0,2,27,34567,62.15,PORT_SCAN
4.524,TCP,925.8,179.44,212,5.21,47,4,0,23,5899,46.86,PORT_SCAN
161.595,TCP,795543.14,5499.76,1334,600.48,9,3436,1,2,22,8.26,DATA_EXFILTRATION
3.023,TCP,802.66,381.48,132,8.97,162,5,2,28,16205,43.67,PORT_SCAN
4.236,TCP,1984.07,820.29,90,31.16,2,27,0,4,80,21.24,BENIGN
17.275,TCP,1988.31,3321.29,17,312.33,2,10,0,2,443,0.98,BENIGN
0.978,TCP,28930.05,1101.39,4853,6.19,2206,226,0,1,80,4961.99,DOS
13.663,TCP,4974.59,5886.74,53,204.93,1,55,0,4,53,3.88,BENIGN
81.234,TCP,721022.78,2683.93,3288,220.11,6,3841,1,2,443,40.48,DATA_EXFILTRATION
173.913,TCP,966110.68,4128.23,3610,268.76,3,2141,1,1,443,20.76,DATA_EXFILTRATION
2.237,TCP,358.41,270.42,153,4.11,88,4,1,56,58858,68.39,PORT_SCAN
2.233,TCP,6883.77,2253.46,1056,8.65,720,234,4,4,53,473.0,DOS
2.118,TCP,3434.05,6795.75,12,852.48,0,20,1,1,123,5.67,BENIGN
68.586,TCP,3674.52,785.18,82,54.39,4,115,30,2,22,1.2,BRUTE_FORCE
23.073,TCP,3951.72,1624.55,84,66.38,1,30,0,1,123,3.64,BENIGN
29.93,TCP,3534.32,7183.03,10,1071.73,1,30,1,1,443,0.33,BENIGN
15.569,TCP,2719.6,334.24,235,13.0,11,199,36,2,3389,15.09,BRUTE_FORCE
3.62,TCP,42768.66,382.36,3290,13.12,1886,162,3,7,443,908.78,DOS
35.178,TCP,188568.63,6303.45,1331,146.41,5,3882,1,1,22,37.84,DATA_EXFILTRATION
3.674,TCP,808.81,339.0,67,17.13,155,1,2,26,27535,18.24,PORT_SCAN
49.479,TCP,3433.17,353.29,318,11.91,7,29,38,1,21,6.43,BRUTE_FORCE
55.469,TCP,475786.21,2417.28,4203,113.78,9,1799,2,2,8443,75.77,DATA_EXFILTRATION
4.259,TCP,197.63,311.15,80,6.36,91,10,1,39,4706,18.78,PORT_SCAN
84.314,TCP,1646.48,513.13,429,5.03,10,106,34,3,23,5.09,BRUTE_FORCE
77.695,TCP,817.93,188.39,302,3.33,7,110,57,3,22,3.89,BRUTE_FORCE
1.365,TCP,34401.39,2792.39,1540,24.15,379,272,4,7,443,1128.35,DOS
17.071,TCP,1619.11,269.4,241,7.84,12,170,34,1,22,14.12,BRUTE_FORCE
11.863,TCP,1190.85,1730.76,103,28.37,10,117,41,2,3389,8.68,BRUTE_FORCE
40.226,TCP,455113.01,4174.82,5805,79.12,2,705,1,2,8443,144.31,DATA_EXFILTRATION
145.766,TCP,734646.18,9703.73,908,819.77,9,2899,0,1,22,6.23,DATA_EXFILTRATION
2.594,TCP,22880.02,121.56,575,40.0,1395,284,0,6,80,221.65,DOS
39.65,TCP,1416.6,423.41,417,4.41,2,124,59,2,22,10.52,BRUTE_FORCE
22.055,TCP,264690.04,8203.3,1665,163.9,5,3555,1,2,8443,75.49,DATA_EXFILTRATION
51.973,TCP,4474.07,947.78,456,11.89,8,53,25,3,3389,8.77,BRUTE_FORCE
53.142,TCP,3276.6,312.41,352,10.2,3,105,13,3,3389,6.62,BRUTE_FORCE
10.537,TCP,1796.9,2278.84,91,44.79,12,32,40,2,22,8.64,BRUTE_FORCE
103.347,TCP,439225.43,6197.91,7959,55.96,9,2756,2,1,8443,77.01,DATA_EXFILTRATION
76.161,TCP,3377.72,2231.73,80,70.12,10,46,52,1,21,1.05,BRUTE_FORCE
63.777,TCP,549893.5,3617.69,4498,123.06,9,602,1,2,8443,70.53,DATA_EXFILTRATION
81.86,TCP,3033.35,2765.56,404,14.35,5,43,13,3,23,4.94,BRUTE_FORCE
33.071,TCP,2901.29,1622.27,440,10.28,12,58,59,3,21,13.3,BRUTE_FORCE
58.636,TCP,750763.98,5952.08,3073,246.25,6,3460,1,1,22,52.41,DATA_EXFILTRATION
1.958,TCP,666.34,484.6,160,7.19,29,6,2,40,37211,81.73,PORT_SCAN
10.815,TCP,4237.95,5842.61,55,183.28,3,41,1,2,443,5.09,BENIGN
28.951,TCP,427945.97,7025.53,2177,199.8,3,4939,0,1,443,75.2,DATA_EXFILTRATION
46.394,TCP,4794.21,931.56,112,51.12,13,106,55,2,23,2.41,BRUTE_FORCE
62.272,TCP,3472.04,1631.14,156,32.71,5,142,15,3,23,2.51,BRUTE_FORCE
2.042,TCP,28774.15,3323.67,2983,10.76,1216,176,0,2,53,1461.09,DOS
2.907,TCP,38693.19,3364.28,3934,10.69,690,142,4,3,53,1353.07,DOS
92.359,TCP,490374.42,9125.36,9611,51.97,4,4818,2,2,443,104.06,DATA_EXFILTRATION
7.003,TCP,2171.4,2196.05,12,363.95,0,39,1,1,80,1.71,BENIGN
1.25,TCP,570.86,224.6,92,8.65,147,13,1,16,32811,73.6,PORT_SCAN
1.782,TCP,17261.99,3328.2,882,23.34,1751,221,1,4,53,495.03,DOS
0.454,TCP,30238.77,583.95,2455,12.56,398,128,2,6,443,5403.17,DOS
0.838,TCP,58.19,42.68,95,1.06,141,2,2,32,2942,113.37,PORT_SCAN
1.767,TCP,13181.7,1724.17,556,26.81,1252,136,3,3,53,314.71,DOS
128.955,TCP,610532.03,4660.08,1678,366.62,3,796,0,1,8443,13.01,DATA_EXFILTRATION
75.312,TCP,728692.4,9819.32,4255,173.56,4,2853,1,2,8443,56.5,DATA_EXFILTRATION
39.339,TCP,2259.32,1851.21,168,24.47,4,88,49,1,22,4.27,BRUTE_FORCE
33.7,TCP,2056.33,2392.95,402,11.07,13,87,24,3,23,11.93,BRUTE_FORCE
0.366,TCP,45990.18,3748.77,2044,24.33,2802,246,2,5,443,5583.53,DOS
24.632,TCP,807.57,2002.26,313,8.98,1,108,54,1,23,12.71,BRUTE_FORCE
64.94,TCP,4573.37,955.62,315,17.55,10,99,37,2,22,4.85,BRUTE_FORCE
6.556,TCP,221.63,11136.78,70,162.26,1,25,0,1,443,10.68,BENIGN
1.675,TCP,23097.61,976.73,4881,4.93,1300,252,3,6,53,2914.8,DOS
2.979,TCP,681.13,229.82,177,5.15,140,5,2,47,10511,59.42,PORT_SCAN
70.966,TCP,3641.86,907.96,444,10.25,10,158,57,1,21,6.26,BRUTE_FORCE
38.312,TCP,455496.68,4933.71,9309,49.46,1,4640,1,2,8443,242.98,DATA_EXFILTRATION
88.388,TCP,403252.96,1933.74,6046,67.02,7,2683,2,2,22,68.4,DATA_EXFILTRATION
1.338,TCP,10767.3,4912.93,3186,4.92,2062,69,4,6,53,2381.76,DOS
2.657,TCP,11402.73,645.69,2339,5.15,483,210,0,6,53,880.16,DOS
17.426,TCP,2799.45,9959.71,40,318.98,2,28,0,3,53,2.3,BENIGN
4.655,TCP,804.22,8347.84,10,915.21,0,47,1,1,123,2.15,BENIGN
130.896,TCP,863753.95,3819.27,836,1037.77,7,4303,0,1,22,6.39,DATA_EXFILTRATION
25.053,TCP,4004.4,2868.42,36,190.91,2,46,1,4,123,1.44,BENIGN
155.157,TCP,851645.35,4581.48,8890,96.31,9,1260,2,1,443,57.3,DATA_EXFILTRATION
13.501,TCP,275.9,6461.75,40,168.44,3,29,1,3,53,2.96,BENIGN
3.645,TCP,875.89,321.9,233,5.14,117,6,2,53,55210,63.93,PORT_SCAN
0.251,TCP,426.61,473.67,220,4.09,28,5,2,50,16883,875.19,PORT_SCAN
2.709,TCP,660.2,242.05,180,5.01,87,13,0,31,6341,66.45,PORT_SCAN
4.326,TCP,843.75,62.69,96,9.44,23,13,0,50,55942,22.19,PORT_SCAN
37.523,TCP,2836.52,948.16,67,56.49,12,189,33,2,3389,1.79,BRUTE_FORCE
137.064,TCP,686117.74,2500.74,3734,184.42,3,418,2,1,8443,27.24,DATA_EXFILTRATION
67.031,TCP,2586.32,2925.88,152,36.26,1,124,59,1,3389,2.27,BRUTE_FORCE
126.657,TCP,765886.51,7622.45,8212,94.19,8,4621,1,1,8443,64.84,DATA_EXFILTRATION
22.974,TCP,1995.7,1060.63,405,7.55,7,31,17,3,21,17.63,BRUTE_FORCE
11.914,TCP,4934.49,8641.35,85,159.72,3,26,0,2,123,7.13,BENIGN
1.659,TCP,541.23,8696.08,71,130.1,1,43,0,4,443,42.81,BENIGN
47.732,TCP,889667.04,3119.33,1860,479.99,1,4607,2,1,443,38.97,DATA_EXFILTRATION
0.825,TCP,917.71,268.58,73,16.25,73,10,0,49,774,88.49,PORT_SCAN
4.358,TCP,84.61,286.97,185,2.01,54,2,2,63,42493,42.45,PORT_SCAN
25.143,TCP,964.15,5139.6,53,115.16,2,15,1,2,22,2.11,BENIGN
1.982,TCP,8389.88,3421.73,3482,3.39,2392,283,4,6,53,1756.41,DOS
3.745,TCP,913.71,8705.05,97,99.16,1,51,0,4,443,25.9,BENIGN
1.801,TCP,32770.79,4357.54,4632,8.02,421,276,0,2,443,2572.54,DOS
95.526,TCP,751419.79,5349.16,1369,552.79,7,4613,0,1,22,14.33,DATA_EXFILTRATION
3.672,TCP,27067.93,4786.07,3457,9.21,2638,178,4,6,53,941.45,DOS
0.168,TCP,285.88,239.14,101,5.2,83,11,2,15,24762,602.95,PORT_SCAN
10.245,TCP,3288.55,2810.8,416,14.66,12,23,52,3,22,40.61,BRUTE_FORCE
2.943,TCP,785.7,322.84,120,9.24,161,4,1,43,34217,40.77,PORT_SCAN
30.412,TCP,583783.69,6564.29,4133,142.84,1,2724,1,2,443,135.9,DATA_EXFILTRATION
0.113,TCP,333.82,286.42,37,16.76,73,8,0,53,30149,326.67,PORT_SCAN
0.939,TCP,17623.59,2266.32,2854,6.97,879,203,3,2,443,3039.91,DOS
4.192,TCP,252.42,22.07,155,1.77,111,5,2,72,2533,36.97,PORT_SCAN
1.573,TCP,7106.22,2723.68,2640,3.72,2986,53,4,5,80,1678.38,DOS
18.445,TCP,2482.34,3196.2,32,177.45,1,16,1,1,123,1.73,BENIGN
28.643,TCP,901.53,6697.56,96,79.16,0,10,0,4,53,3.35,BENIGN
57.243,TCP,1263.64,2198.43,378,9.16,3,150,54,1,21,6.6,BRUTE_FORCE
2.824,TCP,332.54,178.3,147,3.48,169,8,2,74,63869,52.06,PORT_SCAN
45.948,TCP,1010.68,1745.9,88,31.32,3,34,43,2,21,1.92,BRUTE_FORCE
102.622,TCP,446654.83,4251.87,1024,440.34,5,1089,1,2,22,9.98,DATA_EXFILTRATION
21.063,TCP,3643.85,2924.92,342,19.21,1,64,46,3,3389,16.24,BRUTE_FORCE
59.197,TCP,104877.82,5580.62,863,127.99,1,604,0,1,8443,14.58,DATA_EXFILTRATION
148.753,TCP,748865.95,3905.33,9378,80.27,2,4233,1,1,443,63.04,DATA_EXFILTRATION
22.006,TCP,918813.06,6597.23,5455,169.64,5,1915,0,1,22,247.89,DATA_EXFILTRATION
7.24,TCP,2970.28,2426.29,33,163.53,2,2,0,4,53,4.56,BENIGN
1.404,TCP,1225.31,1668.68,6,482.33,2,58,0,2,443,4.27,BENIGN
3.385,TCP,41119.07,718.58,3564,11.74,460,198,2,6,53,1052.75,DOS
83.493,TCP,1619.04,2671.02,269,15.95,2,168,41,1,3389,3.22,BRUTE_FORCE
107.906,TCP,215683.08,827.37,5241,41.31,2,4565,0,1,443,48.57,DATA_EXFILTRATION
12.385,TCP,492.24,9088.43,8,1197.58,1,29,0,4,53,0.65,BENIGN
3.144,TCP,13502.56,1266.13,749,19.72,2359,198,0,2,80,238.19,DOS
26.214,TCP,3583.61,1692.04,472,11.18,14,114,30,1,22,18.01,BRUTE_FORCE
3.534,TCP,9831.46,2914.06,2528,5.04,551,86,3,6,53,715.29,DOS
27.461,TCP,2732.37,7549.28,80,128.52,0,30,1,4,22,2.91,BENIGN
17.154,TCP,3941.1,8005.33,43,277.82,1,25,1,2,53,2.51,BENIGN
1.217,TCP,771.37,285.91,68,15.55,23,14,0,22,11600,55.9,PORT_SCAN
32.947,TCP,1085.11,1553.51,494,5.34,4,99,56,3,21,14.99,BRUTE_FORCE
2.076,TCP,126.26,146.11,117,2.33,177,4,0,22,12984,56.36,PORT_SCAN
19.531,TCP,111.31,11921.09,31,388.14,1,52,0,2,443,1.59,BENIGN
1.001,TCP,11783.49,1649.54,2999,4.48,1254,126,1,2,53,2996.2,DOS
17.939,TCP,3284.25,1104.89,76,57.75,1,47,0,1,443,4.24,BENIGN
10.154,TCP,4788.18,157.94,417,11.86,6,84,45,2,3389,41.07,BRUTE_FORCE
73.416,TCP,252132.71,2974.92,5403,47.22,9,629,0,1,22,73.59,DATA_EXFILTRATION
2.551,TCP,13534.09,4605.04,1631,11.12,398,136,0,3,53,639.42,DOS
78.413,TCP,1234.3,1571.02,376,7.46,6,130,8,2,3389,4.8,BRUTE_FORCE
160.647,TCP,529414.51,5547.55,8112,65.95,4,247,0,2,22,50.5,DATA_EXFILTRATION
57.161,TCP,4393.33,1022.16,284,19.07,7,146,57,2,3389,4.97,BRUTE_FORCE
3.162,TCP,45362.43,3432.3,2780,17.55,296,0,0,7,53,879.3,DOS
29.323,TCP,1659.8,5588.39,21,345.15,1,13,0,2,22,0.72,BENIGN
3.98,TCP,43862.0,216.12,4824,9.14,828,127,0,5,53,1212.15,DOS
32.384,TCP,2836.13,440.69,93,35.23,13,141,17,3,21,2.87,BRUTE_FORCE
57.822,TCP,2488.55,808.98,124,26.59,13,77,27,1,22,2.14,BRUTE_FORCE
155.865,TCP,244418.2,8554.85,1348,187.67,0,3316,1,1,8443,8.65,DATA_EXFILTRATION
1.126,TCP,608.43,131.63,159,4.65,30,1,2,61,24672,141.18,PORT_SCAN
0.269,TCP,6794.85,1214.22,2032,3.94,2544,213,3,1,443,7559.56,DOS
73.233,TCP,1586.7,2606.91,327,12.82,4,78,48,1,21,4.47,BRUTE_FORCE
3.171,TCP,759.91,449.45,191,6.33,63,8,0,21,62654,60.22,PORT_SCAN
10.566,TCP,808.17,1330.5,21,101.84,2,47,0,2,123,1.99,BENIGN
4.422,TCP,807.64,437.45,141,8.83,131,7,2,51,34412,31.88,PORT_SCAN
63.283,TCP,140292.54,6593.47,9818,14.96,5,875,1,1,443,155.14,DATA_EXFILTRATION
1.201,TCP,854.34,211.61,86,12.39,25,1,0,66,41893,71.61,PORT_SCAN
1.138,TCP,44888.02,3436.03,3948,12.24,2697,225,0,4,53,3468.43,DOS
78.941,TCP,340382.15,8374.84,8068,43.23,1,2730,1,2,22,102.2,DATA_EXFILTRATION
4.976,TCP,124.81,204.65,30,10.98,48,11,1,24,18840,6.03,PORT_SCAN
2.395,TCP,18471.67,3443.22,3234,6.78,2246,52,1,5,53,1350.44,DOS
0.742,TCP,99.14,473.8,246,2.33,62,11,1,17,5945,331.75,PORT_SCAN
1.326,TCP,17904.84,766.53,2642,7.07,1693,166,2,5,443,1991.92,DOS
8.374,TCP,4602.09,5508.04,96,105.31,2,54,1,1,80,11.46,BENIGN
0.594,TCP,5200.21,1045.57,912,6.85,784,292,4,1,53,1536.24,DOS
146.802,TCP,398704.73,6186.41,1778,227.72,3,1594,0,2,443,12.11,DATA_EXFILTRATION
5.455,TCP,3044.12,1524.1,53,86.19,1,30,1,1,123,9.72,BENIGN
4.312,TCP,409.29,428.83,202,4.15,58,8,1,46,60729,46.85,PORT_SCAN
115.9,TCP,936046.39,8408.82,5960,158.47,6,3696,2,2,443,51.42,DATA_EXFILTRATION
3.171,TCP,385.63,346.15,195,3.75,143,5,2,15,32274,61.49,PORT_SCAN
8.136,TCP,421.1,5515.9,30,197.9,2,47,0,1,53,3.69,BENIGN
92.526,TCP,854528.4,1208.98,1990,430.02,8,2402,0,1,443,21.51,DATA_EXFILTRATION
131.89,TCP,579232.07,6629.27,3043,192.53,6,1852,1,1,8443,23.07,DATA_EXFILTRATION
80.906,TCP,445729.95,6361.25,3285,137.62,0,2928,1,1,8443,40.6,DATA_EXFILTRATION
3.965,TCP,47278.63,715.7,4405,10.9,1303,183,3,3,53,1110.9,DOS
147.797,TCP,896653.39,4429.77,9024,99.85,2,4843,0,1,8443,61.06,DATA_EXFILTRATION
